AlunoID,Código,Disciplina,Unidade 1,Unidade 2,Unidade 3,Unidade 4,Unidade 5,Prova Final,Resultado,Faltas,Situação
1,DC/CCN061,PROCESSAMENTO DE LINGUAGEM NATURAL,"7,1","9,4","10,0",,,,"8,8",10,AM
1,DC/CCN040,SEGURANÇA EM SISTEMAS,"9,3","8,5","8,1",,,,"8,6",14,AM
1,DC/CCN038,SISTEMAS DISTRIBUÍDOS,"8,0","10,0","9,0",,,,"9,0",14,AM
1,DC/CCN071,TÓPICOS EM ENGENHARIA DE SOFTWARE,"9,4","9,0","7,5",,,,"8,6",12,AM
1,DC/CCN032,COMPUTAÇÃO GRÁFICA,"8,0","7,0","10,0",,,,"8,3",10,AM
1,DC/CCN033,SISTEMAS OPERACIONAIS,"4,0","9,0","9,0",,,,"7,3",6,AM
1,DC/CCN067,TÓPICOS EM BIOINFORMÁTICA,"6,0","9,0","10,0",,,,"8,3",4,AM
1,DFIS/CCN020,ELETRICIDADE E MAGNETISMO,"6,0","9,0","10,0",,,,"8,3",10,AM
1,DC/CCN044,ENGENHARIA DE SOFTWARE II,"9,5","9,0","9,0",,,,"9,2",2,AM
1,DC/CCN041,INTELIGÊNCIA ARTIFICIAL,"8,0","9,5","3,6",,,,"7,0",14,AM
1,DC/CCN042,COMPILADORES,"8,9","6,4","6,7",,,,"7,3",12,AM
1,DC/CCN039,ENGENHARIA DE SOFTWARE I,"8,2","8,5","6,5",,,,"7,7",12,AM
1,DC/CCN043,LINGUAGENS DE PROGRAMAÇÃO,"10,0","10,0","10,0",,,,"10,0",0,AM
1,DC/CCN058,SISTEMAS EMBARCADOS,"9,8","6,0","10,0",,,,"8,6",6,AM
1,DC/CCN037,PROCESSAMENTO DIGITAL DE IMAGENS,"7,7","7,0","9,2",,,,"8,0",10,AM
1,DC/CCN035,REDES DE COMPUTADORES,"7,5","8,0","7,8",,,,"7,8",6,AM
1,DC/CCN030,TEORIA DA COMPUTAÇÃO,"6,5","7,0","10,0",,,,"7,8",12,AM
1,DC/CCN031,ARQUITETURA DE COMPUTADORES,"6,8","7,0","7,5",,,,"7,1",0,AM
1,DC/CCN034,PROGRAMAÇÃO LINEAR,"8,0","6,0","9,2",,,,"7,7",0,AM
1,DC/CCN036,PROJETO E ANÁLISE DE ALGORITMOS,"6,3","8,3","7,6",,,,"7,4",6,AM
1,DMAT/CCN034,ÁLGEBRA LINEAR,"10,0","7,0","5,5",,,,"7,5",0,AM
1,DC/CCN031,ARQUITETURA DE COMPUTADORES,"7,0","0,0","0,0",,,,"2,3",0,RN
1,DC/CCN025,BANCO DE DADOS,"10,0","9,0","10,0",,,,"9,7",0,AM
1,DC/CCN027,INTERFACE HUMANO COMPUTADOR,"10,0","9,5","9,6",,,,"9,7",0,AM
1,CGBEST/CCN013,PROBABILIDADE E ESTATÍSTICA,"9,3","8,7","9,3",,,,"9,1",0,AM
1,DC/CCN028,TEORIA E APLICAÇÕES EM GRAFOS,"9,6","10,0","10,0",,,,"9,9",0,AM
1,DMAT/CCN033,CÁLCULO DIFERENCIAL E INTEGRAL II,"9,3","9,2","9,3",,,,"9,3",0,AM
1,DC/CCN029,CIRCUITOS DIGITAIS,"10,0","8,7","8,4",,,,"9,0",2,AM
1,DC/CCN022,ESTRUTURAS DE DADOS,"7,9","9,8","9,0",,,,"8,9",4,AM
1,DC/CCN024,LABORATÓRIO DE PROGRAMAÇÃO,"10,0","8,3","10,0",,,,"9,4",4,AM
1,DMAT/CCN035,MATEMÁTICA DISCRETA,"7,0","7,0","8,0",,,,"7,3",0,AM
1,DC/CCN023,PROGRAMAÇÃO ORIENTADA A OBJETOS,"10,0","10,0","10,0",,,,"10,0",2,AM
1,DMAT/CCN032,CÁLCULO DIFERENCIAL E INTEGRAL I,"8,0","10,0","10,0",,,,"9,3",0,AM
1,DC/CCN021,INFORMÁTICA E SOCIEDADE,"9,0","9,0","9,0",,,,"9,0",0,AM
1,CLE/CCHL002,INGLÊS TÉCNICO E CIENTÍFICO,"9,5","9,8","8,3",,,,"9,2",0,AM
1,DC/CCN019,INTRODUÇÃO À LÓGICA,"10,0","9,5","9,9",,,,"9,8",0,AM
1,DFIL/CCHL009,INTRODUÇÃO À METODOLOGIA CIENTÍFICA,"10,0","7,5","10,0",,,,"9,2",0,AM
1,DC/CCN026,PROGRAMAÇÃO ESTRUTURADA,"9,3","5,4","8,0",,,,"7,6",0,AM
1,DC/CCN020,SEMINÁRIOS DE INTRODUÇÃO AO CURSO,"10,0",,,,,,"10,0",0,AM
2,DC/CCN045,BANCOS DE DADOS RELACIONAIS,"8,5","8,5","8,5",,,,"8,5",5,AM
2,DC/CCN042,COMPILADORES,"5,0","6,1","10,0",,,,"7,0",14,AM
2,DC/CCN043,LINGUAGENS DE PROGRAMAÇÃO,"4,3","7,5","9,5",,,,"7,1",12,AM
2,DC/CCN058,SISTEMAS EMBARCADOS,"9,5","9,3","6,7",,,,"8,5",14,AM
2,DC/CCN067,TÓPICOS EM BIOINFORMÁTICA,"10,0","10,0","10,0",,,,"10,0",0,AM
2,DC/CCN044,ENGENHARIA DE SOFTWARE II,"8,1","7,4","9,8",,,,"8,4",7,AM
2,DEFE/CCE007,"RELAÇÕES ÉTNICO-RACIAIS, GÊNERO E DIVERSIDADE","9,0","8,0","10,0",,,,"9,0",0,AM
2,DC/CCN038,SISTEMAS DISTRIBUÍDOS,"9,2","10,0","10,0",,,,"9,7",14,AM
2,DC/CCN030,TEORIA DA COMPUTAÇÃO,"7,0","9,0","8,8",,,,"8,3",14,AM
2,DC/CCN081,VISÃO COMPUTACIONAL,"8,6","9,2","7,5",,,,"8,4",10,AM
2,DC/CCN039,ENGENHARIA DE SOFTWARE I,"7,0","8,7","5,5",,,,"7,1",12,AM
2,DC/CCN041,INTELIGÊNCIA ARTIFICIAL,"1,9","10,0","8,2",,,"4,4","5,6",6,RN
2,DC/CCN034,PROGRAMAÇÃO LINEAR,"5,0","7,0","3,0",,,"8,5","6,8",0,AM
2,DC/CCN040,SEGURANÇA EM SISTEMAS,"4,5","7,0","8,6",,,"9,2","8,0",10,AM
2,DC/CCN032,COMPUTAÇÃO GRÁFICA,"7,4","5,7","8,4",,,,"7,2",8,AM
2,DC/CCN037,PROCESSAMENTO DIGITAL DE IMAGENS,"6,2","8,5","6,7",,,,"7,1",0,AM
2,DC/CCN034,PROGRAMAÇÃO LINEAR,"1,0","3,0","0,0",,,,"1,3",0,RN
2,DC/CCN036,PROJETO E ANÁLISE DE ALGORITMOS,"5,7","6,1","6,0",,,"6,2","6,1",6,AM
2,DC/CCN035,REDES DE COMPUTADORES,"7,0","8,2","6,9",,,,"7,4",0,AM
2,DC/CCN033,SISTEMAS OPERACIONAIS,"8,5","7,5","7,0",,,,"7,7",10,AM
2,DMAT/CCN034,ÁLGEBRA LINEAR,"5,0","9,0","7,0",,,,"7,0",0,AM
2,DC/CCN031,ARQUITETURA DE COMPUTADORES,"5,6","7,6","8,0",,,,"7,1",8,AM
2,DC/CCN025,BANCO DE DADOS,"8,0","9,5","10,0",,,,"9,2",0,AM
2,DC/CCN027,INTERFACE HUMANO COMPUTADOR,"8,0","9,5","8,0",,,,"8,5",6,AM
2,CGBEST/CCN013,PROBABILIDADE E ESTATÍSTICA,"6,0","8,0","7,0",,,,"7,0",4,AM
2,DC/CCN028,TEORIA E APLICAÇÕES EM GRAFOS,"8,4","10,0","10,0",,,,"9,5",0,AM
2,DMAT/CCN033,CÁLCULO DIFERENCIAL E INTEGRAL II,"1,6","8,6","8,5",,,"6,1","6,2",0,AM
2,DC/CCN029,CIRCUITOS DIGITAIS,"8,8","6,8","10,0",,,,"8,5",2,AM
2,DC/CCN022,ESTRUTURAS DE DADOS,"4,9","5,0","8,0",,,"5,4","5,7",13,RN
2,DC/CCN024,LABORATÓRIO DE PROGRAMAÇÃO,"8,0","7,5","7,9",,,,"7,8",8,AM
2,DMAT/CCN035,MATEMÁTICA DISCRETA,"5,0","10,0","8,0",,,,"7,7",0,AM
2,DC/CCN023,PROGRAMAÇÃO ORIENTADA A OBJETOS,"8,4","7,0","3,0",,,"7,1","6,6",0,AM
2,DMAT/CCN032,CÁLCULO DIFERENCIAL E INTEGRAL I,"4,0","8,4","8,9",,,,"7,1",0,AM
2,DC/CCN021,INFORMÁTICA E SOCIEDADE,"10,0","10,0","9,0",,,,"9,7",0,AM
2,CLE/CCHL002,INGLÊS TÉCNICO E CIENTÍFICO,"9,0","9,5","9,0",,,,"9,2",0,AM
2,DC/CCN019,INTRODUÇÃO À LÓGICA,"9,0","9,0","9,5",,,,"9,2",0,AM
2,DFIL/CCHL009,INTRODUÇÃO À METODOLOGIA CIENTÍFICA,"10,0","10,0","9,0",,,,"9,7",0,AM
2,DC/CCN026,PROGRAMAÇÃO ESTRUTURADA,"9,1","3,4","9,0",,,,"7,2",0,AM
2,DC/CCN020,SEMINÁRIOS DE INTRODUÇÃO AO CURSO,"9,3",,,,,,"9,3",2,AM
3,DC/CCN049,TRABALHO DE CONCLUSÃO DE CURSO II - TCC II,"10,0","10,0","10,0",,,,"10,0",0,AM
3,DC/CCN058,SISTEMAS EMBARCADOS,"8,0","10,0","3,0",,,,"7,0",14,AM
3,DC/CCN071,TÓPICOS EM ENGENHARIA DE SOFTWARE,"8,5","8,0","8,5",,,,"8,3",0,AM
3,DC/CCN049,TRABALHO DE CONCLUSÃO DE CURSO II - TCC II,"9,0","9,0","9,0",,,,"0,0",16,RF
3,DC/CCN068,TÓPICOS EM ARQUITETURA DE COMPUTADORES,"7,0","7,0","7,0",,,,"7,0",0,AM
3,DC/CCN070,TÓPICOS EM COMPUTAÇÃO APLICADA,"9,2","7,5","9,0",,,,"8,6",0,AM
3,DC/CCN074,TÓPICOS EM REDES DE COMPUTADORES,"9,6","10,0","10,0",,,,"9,9",12,AM
3,DC/CCN050,EMPREENDEDORISMO,"8,7","9,0","9,5",,,,"9,1",0,AM
3,DC/CCN048,PROGRAMAÇÃO FUNCIONAL,"5,5","3,0","9,3",,,"6,8","6,4",8,AM
3,DC/CCN067,TÓPICOS EM BIOINFORMÁTICA,"6,0","10,0","7,0",,,,"7,7",8,AM
3,DC/CCN047,ESTÁGIO SUPERVISIONADO,"9,5","9,5","9,5","9,5","9,5",,"9,5",0,AM
3,DC/CCN067,TÓPICOS EM BIOINFORMÁTICA,"8,3","7,0","0,0",,,"9,4","7,2",14,AM
3,DC/CCN046,TRABALHO DE CONCLUSÃO DE CURSO I - TCC I,"10,0","10,0","10,0",,,,"10,0",0,AM
3,DC/CCN041,INTELIGÊNCIA ARTIFICIAL,"6,1","5,5","9,3",,,,"7,0",12,AM
3,DC/CCN037,PROCESSAMENTO DIGITAL DE IMAGENS,"8,0","8,2","5,8",,,,"7,3",8,AM
3,DC/CCN034,PROGRAMAÇÃO LINEAR,"6,0","7,0","10,0",,,,"7,7",0,AM
3,DEFE/CCE007,"RELAÇÕES ÉTNICO-RACIAIS, GÊNERO E DIVERSIDADE","9,0","9,0","9,0",,,,"9,0",0,AM
3,DC/CCN045,BANCOS DE DADOS RELACIONAIS,"10,0","10,0","8,0",,,,"9,3",2,AM
3,DC/CCN042,COMPILADORES,"8,0","6,5","7,3",,,,"7,3",6,AM
3,DC/CCN032,COMPUTAÇÃO GRÁFICA,"8,5","7,7","9,9",,,,"8,7",4,AM
3,DC/CCN044,ENGENHARIA DE SOFTWARE II,"9,6","7,0","7,8",,,,"8,1",6,AM
3,DC/CCN043,LINGUAGENS DE PROGRAMAÇÃO,"7,5","4,8","7,5",,,"8,9","7,8",8,AM
3,DC/CCN040,SEGURANÇA EM SISTEMAS,"6,8","4,7","7,9",,,"3,6","5,0",4,RN
3,DC/CCN038,SISTEMAS DISTRIBUÍDOS,"5,3","5,2","8,0",,,"6,0","6,1",4,AM
3,DMAT/CCN034,ÁLGEBRA LINEAR,"8,2","9,6","7,0",,,,"8,3",0,AM
3,DC/CCN039,ENGENHARIA DE SOFTWARE I,"6,0","6,0","10,0",,,,"7,3",8,AM
3,CGBEST/CCN013,PROBABILIDADE E ESTATÍSTICA,"10,0","9,9","9,4",,,,"9,8",0,AM
3,DC/CCN036,PROJETO E ANÁLISE DE ALGORITMOS,"6,0","9,2","8,3",,,,"7,8",12,AM
3,DC/CCN035,REDES DE COMPUTADORES,"9,0","6,7","8,7",,,,"8,1",4,AM
3,DC/CCN033,SISTEMAS OPERACIONAIS,"9,0","7,2","6,1",,,,"7,4",14,AM
3,DC/CCN030,TEORIA DA COMPUTAÇÃO,"4,9","8,1","8,0",,,,"7,0",6,AM
3,DC/CCN031,ARQUITETURA DE COMPUTADORES,"7,5","6,0","7,5",,,,"7,0",0,AM
3,DC/CCN025,BANCO DE DADOS,"10,0","9,5","10,0",,,,"9,8",0,AM
3,DMAT/CCN033,CÁLCULO DIFERENCIAL E INTEGRAL II,"9,4","5,0","10,0",,,,"8,1",0,AM
3,DC/CCN027,INTERFACE HUMANO COMPUTADOR,"7,4","7,7","9,0",,,,"8,0",12,AM
3,CGBEST/CCN013,PROBABILIDADE E ESTATÍSTICA,"6,4","4,4","6,6",,,"5,6","5,7",14,RN
3,DC/CCN028,TEORIA E APLICAÇÕES EM GRAFOS,"10,0","6,0","9,0",,,,"8,3",0,AM
3,DMAT/CCN032,CÁLCULO DIFERENCIAL E INTEGRAL I,"9,8","9,1","6,4",,,,"8,4",0,AM
3,DC/CCN029,CIRCUITOS DIGITAIS,"9,5","3,0","10,0",,,,"7,5",0,AM
3,DC/CCN022,ESTRUTURAS DE DADOS,"8,0","9,1","7,0",,,,"8,0",13,AM
3,DC/CCN024,LABORATÓRIO DE PROGRAMAÇÃO,"10,0","9,3","8,3",,,,"9,2",8,AM
3,DMAT/CCN035,MATEMÁTICA DISCRETA,"7,0","7,0","7,0",,,,"7,0",0,AM
3,DC/CCN023,PROGRAMAÇÃO ORIENTADA A OBJETOS,"9,0","8,5","10,0",,,,"9,2",0,AM
3,DMAT/CCN032,CÁLCULO DIFERENCIAL E INTEGRAL I,"7,0","3,0","9,0",,,"3,9","5,1",0,RN
3,DC/CCN021,INFORMÁTICA E SOCIEDADE,"8,5","6,0","8,0",,,,"7,5",2,AM
3,CLE/CCHL002,INGLÊS TÉCNICO E CIENTÍFICO,"7,0","8,0","8,1",,,,"7,7",0,AM
3,DC/CCN019,INTRODUÇÃO À LÓGICA,"6,0","9,0","5,9",,,,"7,0",11,AM
3,DFIL/CCHL009,INTRODUÇÃO À METODOLOGIA CIENTÍFICA,"9,0","9,0","7,0",,,,"8,3",8,AM
3,DC/CCN026,PROGRAMAÇÃO ESTRUTURADA,"5,3","3,0","7,2",,,"9,1","7,2",10,AM
3,DC/CCN020,SEMINÁRIOS DE INTRODUÇÃO AO CURSO,"9,0",,,,,,"9,0",2,AM
4,DC/CCN043,LINGUAGENS DE PROGRAMAÇÃO,"9,0","6,2","6,2",,,,"7,1",10,AM
4,DC/CCN067,TÓPICOS EM BIOINFORMÁTICA,"10,0","10,0","10,0",,,,"10,0",10,AM
4,DC/CCN071,TÓPICOS EM ENGENHARIA DE SOFTWARE,"8,0","8,6","7,0",,,,"7,9",6,AM
4,DC/CCN073,TÓPICOS EM PROGRAMAÇÃO,"8,0","6,6","4,0",,,"5,1","5,6",0,RN
4,DC/CCN081,VISÃO COMPUTACIONAL,"7,8","3,2","8,5",,,"6,1","6,3",0,AM
4,DC/CCN045,BANCOS DE DADOS RELACIONAIS,"7,7","5,6","8,0",,,,"7,1",2,AM
4,DC/CCN055,FLUXOS EM REDES,"9,5","10,0","10,0",,,,"9,8",0,AM
4,DC/CCN041,INTELIGÊNCIA ARTIFICIAL,"4,8","1,2","8,0",,,"8,6","6,6",4,AM
4,DC/CCN061,PROCESSAMENTO DE LINGUAGEM NATURAL,"7,7","9,0","8,5",,,,"8,4",4,AM
4,DC/CCN037,PROCESSAMENTO DIGITAL DE IMAGENS,"10,0","4,4","7,4",,,,"7,3",4,AM
4,DEFE/CCE007,"RELAÇÕES ÉTNICO-RACIAIS, GÊNERO E DIVERSIDADE","9,0","8,0","10,0",,,,"9,0",4,AM
4,DC/CCN038,SISTEMAS DISTRIBUÍDOS,"7,0","7,5","10,0",,,,"8,2",10,AM
4,DC/CCN042,COMPILADORES,"7,2","5,8","8,3",,,,"7,1",0,AM
4,DC/CCN032,COMPUTAÇÃO GRÁFICA,"6,0","6,3","7,0",,,"3,9","5,2",6,RN
4,DC/CCN044,ENGENHARIA DE SOFTWARE II,"6,0","9,0","8,0",,,,"7,7",0,AM
4,DC/CCN034,PROGRAMAÇÃO LINEAR,"7,3","10,0","8,5",,,,"8,6",0,AM
4,DC/CCN040,SEGURANÇA EM SISTEMAS,"3,6","5,7","9,1",,,"6,7","6,4",0,AM
4,DC/CCN074,TÓPICOS EM REDES DE COMPUTADORES,"9,9","10,0","10,0",,,,"10,0",10,AM
4,DMAT/CCN034,ÁLGEBRA LINEAR,"8,5","7,5","2,0",,,"6,4","6,2",0,AM
4,DC/CCN039,ENGENHARIA DE SOFTWARE I,"8,2","10,0","7,5",,,,"8,6",4,AM
4,DC/CCN036,PROJETO E ANÁLISE DE ALGORITMOS,"7,5","8,5","7,0",,,,"7,7",4,AM
4,DC/CCN035,REDES DE COMPUTADORES,"7,3","8,7","8,7",,,,"8,2",0,AM
4,DC/CCN033,SISTEMAS OPERACIONAIS,"9,5","4,5","9,0",,,,"7,7",14,AM
4,DC/CCN030,TEORIA DA COMPUTAÇÃO,"8,2","3,8","5,7",,,"7,5","6,7",4,AM
4,DMAT/CCN034,ÁLGEBRA LINEAR,"3,5","4,0","0,0",,,,"2,5",0,RN
4,DC/CCN031,ARQUITETURA DE COMPUTADORES,"6,8","7,6","8,0",,,,"7,5",6,AM
4,DC/CCN025,BANCO DE DADOS,"8,0","9,5","8,5",,,,"8,7",0,AM
4,DC/CCN027,INTERFACE HUMANO COMPUTADOR,"8,0","9,8","10,0",,,,"9,3",0,AM
4,DC/CCN028,TEORIA E APLICAÇÕES EM GRAFOS,"9,5","10,0","9,5",,,,"9,7",0,AM
4,DC/CCN029,CIRCUITOS DIGITAIS,"10,0","7,3","5,0",,,,"7,4",0,AM
4,DC/CCN022,ESTRUTURAS DE DADOS,"8,1","8,3","9,8",,,,"8,7",2,AM
4,DC/CCN024,LABORATÓRIO DE PROGRAMAÇÃO,"10,0","9,3","4,0",,,,"7,8",0,AM
4,CGBEST/CCN013,PROBABILIDADE E ESTATÍSTICA,"8,8","9,0","9,5",,,,"9,1",0,AM
4,DC/CCN023,PROGRAMAÇÃO ORIENTADA A OBJETOS,"8,4","5,8","8,5",,,,"7,6",0,AM
4,DMAT/CCN033,CÁLCULO DIFERENCIAL E INTEGRAL II,"10,0","6,7","5,7",,,,"7,5",0,AM
4,DMAT/CCN035,MATEMÁTICA DISCRETA,"7,0","7,0","7,0",,,,"7,0",0,AM
4,DMAT/CCN032,CÁLCULO DIFERENCIAL E INTEGRAL I,"8,8","7,1","10,0",,,,"8,6",2,AM
4,DC/CCN021,INFORMÁTICA E SOCIEDADE,"7,4","7,4","7,4",,,,"7,4",0,AM
4,CLE/CCHL002,INGLÊS TÉCNICO E CIENTÍFICO,"9,3","10,0","10,0",,,,"9,8",0,AM
4,DC/CCN019,INTRODUÇÃO À LÓGICA,"7,5","9,0","8,8",,,,"8,4",2,AM
4,DFIL/CCHL009,INTRODUÇÃO À METODOLOGIA CIENTÍFICA,"8,3","7,5","8,0",,,,"7,9",0,AM
4,DC/CCN026,PROGRAMAÇÃO ESTRUTURADA,"6,8","9,0","8,9",,,,"8,2",2,AM
4,DC/CCN020,SEMINÁRIOS DE INTRODUÇÃO AO CURSO,"8,0",,,,,,"8,0",6,AM
5,DC/CCN043,LINGUAGENS DE PROGRAMAÇÃO,"3,2","8,2","7,0",,,"5,7","5,9",4,RN
5,DC/CCN071,TÓPICOS EM ENGENHARIA DE SOFTWARE,"7,1","8,0","10,0",,,,"8,4",2,AM
5,DC/CCN073,TÓPICOS EM PROGRAMAÇÃO,"7,5","4,5","8,0",,,"9,9","8,3",0,AM
5,DC/CCN081,VISÃO COMPUTACIONAL,"5,2","6,1","8,0",,,"0,9","3,6",0,RN
5,DC/CCN042,COMPILADORES,"9,2","8,0","6,4",,,,"7,9",4,AM
5,DC/CCN044,ENGENHARIA DE SOFTWARE II,"1,7","5,4","9,2",,,"8,2","6,8",8,AM
5,DC/CCN038,SISTEMAS DISTRIBUÍDOS,"7,2","8,0","7,0",,,,"7,4",6,AM
5,DC/CCN058,SISTEMAS EMBARCADOS,"5,7","6,4","10,0",,,,"7,4",2,AM
5,DC/CCN067,TÓPICOS EM BIOINFORMÁTICA,"3,3","6,9","9,0",,,"6,2","6,3",2,AM
5,DC/CCN041,INTELIGÊNCIA ARTIFICIAL,"9,5","7,0","6,3",,,,"7,6",6,AM
5,DC/CCN037,PROCESSAMENTO DIGITAL DE IMAGENS,"1,1","7,5","6,9",,,"5,2","5,2",6,RN
5,DC/CCN034,PROGRAMAÇÃO LINEAR,"5,1","3,9","10,0",,,"5,8","6,0",0,AM
5,DC/CCN040,SEGURANÇA EM SISTEMAS,"3,2","3,3","5,2",,,,"3,9",4,RN
5,DC/CCN068,TÓPICOS EM ARQUITETURA DE COMPUTADORES,"6,5","9,7","0,0",,,,"0,0",52,RF
5,DC/CCN032,COMPUTAÇÃO GRÁFICA,"5,1","5,7","6,2",,,"5,3","5,5",2,RN
5,DC/CCN039,ENGENHARIA DE SOFTWARE I,"7,5","4,4","7,5",,,"6,2","6,4",4,AM
5,DC/CCN036,PROJETO E ANÁLISE DE ALGORITMOS,"4,5","9,1","7,5",,,,"7,0",0,AM
5,DC/CCN035,REDES DE COMPUTADORES,"4,6","5,5","6,0",,,"5,0","5,2",0,RN
5,DC/CCN033,SISTEMAS OPERACIONAIS,"7,7","4,9","6,0",,,"5,9","6,1",6,AM
5,DC/CCN030,TEORIA DA COMPUTAÇÃO,"2,0","5,2","4,0",,,,"3,7",2,RN
5,DC/CCN029,CIRCUITOS DIGITAIS,"9,8","10,0","10,0",,,,"9,9",2,AM
5,DC/CCN022,ESTRUTURAS DE DADOS,"8,1","7,9","9,0",,,,"8,3",0,AM
5,DC/CCN024,LABORATÓRIO DE PROGRAMAÇÃO,"9,5","9,7","10,0",,,,"9,7",0,AM
5,DMAT/CCN035,MATEMÁTICA DISCRETA,"7,0","7,0","7,0",,,,"7,0",0,AM
5,DC/CCN023,PROGRAMAÇÃO ORIENTADA A OBJETOS,"9,0","7,6","9,5",,,,"8,7",2,AM
5,DMAT/CCN032,CÁLCULO DIFERENCIAL E INTEGRAL I,"8,8","10,0","7,5",,,,"8,8",2,AM
5,DC/CCN021,INFORMÁTICA E SOCIEDADE,"8,8","8,8","8,8",,,,"8,8",0,AM
5,CLE/CCHL002,INGLÊS TÉCNICO E CIENTÍFICO,"10,0","10,0","10,0",,,,"10,0",0,AM
5,DC/CCN019,INTRODUÇÃO À LÓGICA,"10,0","9,5","10,0",,,,"9,8",0,AM
5,DFIL/CCHL009,INTRODUÇÃO À METODOLOGIA CIENTÍFICA,"6,9","9,0","8,0",,,,"8,0",0,AM
5,DC/CCN026,PROGRAMAÇÃO ESTRUTURADA,"6,5","7,6","5,8",,,"9,0","7,8",0,AM
5,DC/CCN020,SEMINÁRIOS DE INTRODUÇÃO AO CURSO,"10,0",,,,,,"10,0",0,AM
6,DC/CCN045,BANCOS DE DADOS RELACIONAIS,"10,0","10,0","10,0",,,,"10,0",2,AM
6,DC/CCN061,PROCESSAMENTO DE LINGUAGEM NATURAL,"8,1","9,4","10,0",,,,"9,2",11,AM
6,DC/CCN048,PROGRAMAÇÃO FUNCIONAL,"6,5","9,0","10,0",,,,"8,5",0,AM
6,DC/CCN067,TÓPICOS EM BIOINFORMÁTICA,"7,0","9,0","8,5",,,,"8,2",4,AM
6,DC/CCN071,TÓPICOS EM ENGENHARIA DE SOFTWARE,"8,2","9,2","9,0",,,,"8,8",0,AM
6,DC/CCN074,TÓPICOS EM REDES DE COMPUTADORES,"8,8","9,5","9,5",,,,"9,3",0,AM
6,DC/CCN044,ENGENHARIA DE SOFTWARE II,"9,5","9,0","9,0",,,,"9,2",2,AM
6,DC/CCN041,INTELIGÊNCIA ARTIFICIAL,"7,3","8,0","6,1",,,,"7,1",8,AM
6,DC/CCN040,SEGURANÇA EM SISTEMAS,"7,1","7,0","8,6",,,,"7,6",8,AM
6,DC/CCN038,SISTEMAS DISTRIBUÍDOS,"9,8","9,1","10,0",,,,"9,6",12,AM
6,DC/CCN042,COMPILADORES,"9,8","7,1","6,9",,,,"7,9",7,AM
6,DC/CCN039,ENGENHARIA DE SOFTWARE I,"9,2","8,5","6,0",,,,"7,9",8,AM
6,DC/CCN043,LINGUAGENS DE PROGRAMAÇÃO,"10,0","9,5","9,5",,,,"9,7",0,AM
6,DC/CCN058,SISTEMAS EMBARCADOS,"9,0","10,0","10,0",,,,"9,7",0,AM
6,DC/CCN037,PROCESSAMENTO DIGITAL DE IMAGENS,"8,0","8,6","9,2",,,,"8,6",6,AM
6,DC/CCN035,REDES DE COMPUTADORES,"8,1","9,6","6,6",,,,"8,1",4,AM
6,DC/CCN033,SISTEMAS OPERACIONAIS,"6,7","8,5","9,1",,,,"8,1",6,AM
6,DC/CCN030,TEORIA DA COMPUTAÇÃO,"7,5","8,7","8,1",,,,"8,1",6,AM
6,DC/CCN031,ARQUITETURA DE COMPUTADORES,"7,3","7,0","7,5",,,,"7,3",2,AM
6,DC/CCN032,COMPUTAÇÃO GRÁFICA,"9,5","7,4","10,0",,,,"9,0",6,AM
6,DC/CCN034,PROGRAMAÇÃO LINEAR,"5,2","9,5","9,2",,,,"8,0",0,AM
6,DC/CCN036,PROJETO E ANÁLISE DE ALGORITMOS,"6,8","8,6","7,4",,,,"7,6",4,AM
6,DMAT/CCN034,ÁLGEBRA LINEAR,"10,0","7,0","6,3",,,,"7,8",0,AM
6,DC/CCN031,ARQUITETURA DE COMPUTADORES,"7,0","0,0","0,0",,,,"2,3",0,RN
6,DC/CCN025,BANCO DE DADOS,"10,0","9,0","10,0",,,,"9,7",0,AM
6,DC/CCN027,INTERFACE HUMANO COMPUTADOR,"9,8","10,0","9,6",,,,"9,8",0,AM
6,CGBEST/CCN013,PROBABILIDADE E ESTATÍSTICA,"8,7","9,4","9,4",,,,"9,2",0,AM
6,DC/CCN028,TEORIA E APLICAÇÕES EM GRAFOS,"8,8","10,0","10,0",,,,"9,6",0,AM
6,DMAT/CCN033,CÁLCULO DIFERENCIAL E INTEGRAL II,"9,4","9,3","9,2",,,,"9,3",0,AM
6,DC/CCN029,CIRCUITOS DIGITAIS,"9,4","8,7","10,0",,,,"9,4",4,AM
6,DC/CCN022,ESTRUTURAS DE DADOS,"7,5","9,8","9,0",,,,"8,8",8,AM
6,DC/CCN024,LABORATÓRIO DE PROGRAMAÇÃO,"9,9","7,3","8,0",,,,"8,4",6,AM
6,DMAT/CCN035,MATEMÁTICA DISCRETA,"7,0","7,0","8,0",,,,"7,3",0,AM
6,DC/CCN023,PROGRAMAÇÃO ORIENTADA A OBJETOS,"5,0","10,0","10,0",,,,"8,3",6,AM
6,DMAT/CCN032,CÁLCULO DIFERENCIAL E INTEGRAL I,"7,5","10,0","8,5",,,,"8,7",0,AM
6,DC/CCN021,INFORMÁTICA E SOCIEDADE,"9,1","9,1","9,1",,,,"9,1",0,AM
6,CLE/CCHL002,INGLÊS TÉCNICO E CIENTÍFICO,"9,3","8,3","10,0",,,,"9,2",4,AM
6,DC/CCN019,INTRODUÇÃO À LÓGICA,"9,8","9,5","10,0",,,,"9,8",0,AM
6,DFIL/CCHL009,INTRODUÇÃO À METODOLOGIA CIENTÍFICA,"10,0","10,0","10,0",,,,"10,0",0,AM
6,DC/CCN026,PROGRAMAÇÃO ESTRUTURADA,"9,1","9,1","9,1",,,,"9,1",0,AM
6,DC/CCN020,SEMINÁRIOS DE INTRODUÇÃO AO CURSO,"9,3",,,,,,"9,3",2,AM
7,DC/CCN041,INTELIGÊNCIA ARTIFICIAL,"8,9","7,0","7,4",,,,"7,8",8,AM
7,DC/CCN043,LINGUAGENS DE PROGRAMAÇÃO,"7,1","5,8","8,8",,,,"7,2",10,AM
7,DC/CCN030,TEORIA DA COMPUTAÇÃO,"3,2","7,6","3,8",,,"8,2","6,6",10,AM
7,DC/CCN071,TÓPICOS EM ENGENHARIA DE SOFTWARE,"9,0","10,0","9,5",,,,"9,5",8,AM
7,DC/CCN074,TÓPICOS EM REDES DE COMPUTADORES,"7,8","10,0","10,0",,,,"9,3",4,AM
7,DC/CCN045,BANCOS DE DADOS RELACIONAIS,"7,8","4,8","8,5",,,,"7,0",2,AM
7,DC/CCN032,COMPUTAÇÃO GRÁFICA,"7,6","6,7","9,0",,,,"7,8",10,AM
7,CGBEST/CCN013,PROBABILIDADE E ESTATÍSTICA,"5,2","7,2","10,0",,,,"7,5",2,AM
7,DC/CCN061,PROCESSAMENTO DE LINGUAGEM NATURAL,"8,7","8,0","8,5",,,,"8,4",8,AM
7,DC/CCN040,SEGURANÇA EM SISTEMAS,"6,0","7,6","7,3",,,,"7,0",12,AM
7,DC/CCN038,SISTEMAS DISTRIBUÍDOS,"8,5","8,5","7,0",,,,"8,0",12,AM
7,DC/CCN044,ENGENHARIA DE SOFTWARE II,"10,0","8,0","8,5",,,,"8,8",6,AM
7,DC/CCN043,LINGUAGENS DE PROGRAMAÇÃO,"5,1","4,4","3,5",,,"9,0","6,6",12,AM
7,DC/CCN033,SISTEMAS OPERACIONAIS,"9,0","10,0","10,0",,,,"9,7",10,AM
7,DC/CCN039,ENGENHARIA DE SOFTWARE I,"7,0","10,0","8,3",,,,"8,4",12,AM
7,DC/CCN030,TEORIA DA COMPUTAÇÃO,"3,3","5,3","0,5",,,,"3,0",6,RN
7,DC/CCN081,VISÃO COMPUTACIONAL,"5,8","9,8","9,4",,,,"8,3",2,AM
7,DC/CCN039,ENGENHARIA DE SOFTWARE I,"6,5","4,0","3,7",,,"9,2","7,0",11,AM
7,DC/CCN036,PROJETO E ANÁLISE DE ALGORITMOS,"5,3","6,9","8,7",,,,"7,0",12,AM
7,DC/CCN030,TEORIA DA COMPUTAÇÃO,"0,0","0,0","0,0",,,,"0,0",18,RF
7,DC/CCN037,PROCESSAMENTO DIGITAL DE IMAGENS,"4,2","6,3","7,3",,,"9,7","7,8",8,AM
7,DC/CCN034,PROGRAMAÇÃO LINEAR,"5,0","7,5","6,4",,,"7,3","6,8",0,AM
7,DC/CCN035,REDES DE COMPUTADORES,"3,7","6,6","6,9",,,"9,7","7,7",2,AM
7,DC/CCN028,TEORIA E APLICAÇÕES EM GRAFOS,"8,0","5,0","9,5",,,,"7,5",0,AM
7,DMAT/CCN034,ÁLGEBRA LINEAR,"4,0","4,0","5,0",,,"9,7","7,0",0,AM
7,DC/CCN031,ARQUITETURA DE COMPUTADORES,"7,0","6,5","6,5",,,"0,9","3,8",0,RN
7,DC/CCN025,BANCO DE DADOS,"10,0","9,0","9,0",,,,"9,3",0,AM
7,DC/CCN027,INTERFACE HUMANO COMPUTADOR,"9,0","9,0","9,6",,,,"9,2",0,AM
7,DC/CCN024,LABORATÓRIO DE PROGRAMAÇÃO,"8,2","8,5","5,5",,,,"7,4",0,AM
7,DMAT/CCN033,CÁLCULO DIFERENCIAL E INTEGRAL II,"9,0","9,2","9,4",,,,"9,2",0,AM
7,DC/CCN029,CIRCUITOS DIGITAIS,"9,6","6,6","10,0",,,,"8,7",0,AM
7,DC/CCN022,ESTRUTURAS DE DADOS,"7,5","6,5","8,0",,,,"7,3",6,AM
7,DC/CCN024,LABORATÓRIO DE PROGRAMAÇÃO,"7,5","5,8","4,0",,,"6,9","6,4",0,AM
7,DMAT/CCN035,MATEMÁTICA DISCRETA,"7,0","7,0","8,0",,,,"7,3",0,AM
7,DC/CCN023,PROGRAMAÇÃO ORIENTADA A OBJETOS,"10,0","8,0","10,0",,,,"9,3",3,AM
7,DMAT/CCN032,CÁLCULO DIFERENCIAL E INTEGRAL I,"6,5","10,0","7,0",,,,"7,8",0,AM
7,DC/CCN021,INFORMÁTICA E SOCIEDADE,"9,1","9,1","9,1",,,,"9,1",0,AM
7,CLE/CCHL002,INGLÊS TÉCNICO E CIENTÍFICO,"7,5","8,8","9,0",,,,"8,4",4,AM
7,DC/CCN019,INTRODUÇÃO À LÓGICA,"10,0","10,0","7,5",,,,"9,2",0,AM
7,DFIL/CCHL009,INTRODUÇÃO À METODOLOGIA CIENTÍFICA,"9,0","8,0","9,0",,,,"8,7",0,AM
7,DC/CCN026,PROGRAMAÇÃO ESTRUTURADA,"3,7","2,5","8,0",,,"7,5","6,1",0,AM
7,DC/CCN020,SEMINÁRIOS DE INTRODUÇÃO AO CURSO,"8,7",,,,,,"8,7",4,AM
8,DC/CCN048,PROGRAMAÇÃO FUNCIONAL,"8,0","9,3","10,0",,,,"9,1",0,AM
8,DC/CCN081,VISÃO COMPUTACIONAL,"8,8","6,0","9,5",,,,"8,1",0,AM
8,DC/CCN042,COMPILADORES,"7,5","7,3","9,6",,,,"8,1",2,AM
8,DC/CCN043,LINGUAGENS DE PROGRAMAÇÃO,"8,6","8,3","9,1",,,,"8,7",2,AM
8,DC/CCN037,PROCESSAMENTO DIGITAL DE IMAGENS,"10,0","7,6","8,6",,,,"8,7",6,AM
8,DC/CCN058,SISTEMAS EMBARCADOS,"8,5","10,0","10,0",,,,"9,5",0,AM
8,DC/CCN074,TÓPICOS EM REDES DE COMPUTADORES,"8,3","10,0","10,0",,,,"9,4",0,AM
8,DC/CCN044,ENGENHARIA DE SOFTWARE II,"10,0","9,5","8,5",,,,"9,3",0,AM
8,DC/CCN040,SEGURANÇA EM SISTEMAS,"7,6","7,7","8,2",,,,"7,8",8,AM
8,DC/CCN038,SISTEMAS DISTRIBUÍDOS,"8,5","9,8","10,0",,,,"9,4",8,AM
8,DC/CCN030,TEORIA DA COMPUTAÇÃO,"9,8","7,8","9,0",,,,"8,9",4,AM
8,DC/CCN067,TÓPICOS EM BIOINFORMÁTICA,"7,9","10,0","9,1",,,,"9,0",4,AM
8,DC/CCN045,BANCOS DE DADOS RELACIONAIS,"8,0","3,6","6,4",,,"5,4","5,7",2,RN
8,DC/CCN032,COMPUTAÇÃO GRÁFICA,"10,0","10,0","10,0",,,,"10,0",2,AM
8,DC/CCN041,INTELIGÊNCIA ARTIFICIAL,"9,3","8,5","7,0",,,,"8,3",0,AM
8,DC/CCN034,PROGRAMAÇÃO LINEAR,"9,0","7,0","10,0",,,,"8,7",0,AM
8,DMAT/CCN034,ÁLGEBRA LINEAR,"7,8","5,5","6,5",,,"6,4","6,5",0,AM
8,DC/CCN039,ENGENHARIA DE SOFTWARE I,"7,4","9,0","3,5",,,"5,6","6,1",3,AM
8,DC/CCN036,PROJETO E ANÁLISE DE ALGORITMOS,"6,7","8,5","6,7",,,,"7,3",2,AM
8,DC/CCN035,REDES DE COMPUTADORES,"5,1","6,8","6,0",,,"2,6","4,3",2,RN
8,DC/CCN033,SISTEMAS OPERACIONAIS,"6,9","2,3","8,4",,,"1,5","3,7",8,RN
8,DMAT/CCN034,ÁLGEBRA LINEAR,"5,2","0,0","3,5",,,,"2,9",0,RN
8,DC/CCN031,ARQUITETURA DE COMPUTADORES,"5,5","8,0","7,5",,,,"7,0",2,AM
8,DC/CCN025,BANCO DE DADOS,"9,5","10,0","9,0",,,,"9,5",0,AM
8,CLE/CCHL002,INGLÊS TÉCNICO E CIENTÍFICO,"10,0","9,8","10,0",,,,"9,9",2,AM
8,DC/CCN028,TEORIA E APLICAÇÕES EM GRAFOS,"10,0","10,0","9,5",,,,"9,8",0,AM
8,DC/CCN022,ESTRUTURAS DE DADOS,"9,0","8,9","9,0",,,,"9,0",0,AM
8,DC/CCN027,INTERFACE HUMANO COMPUTADOR,"10,0","9,2","9,6",,,,"9,6",0,AM
8,DC/CCN024,LABORATÓRIO DE PROGRAMAÇÃO,"7,7","6,8","8,8",,,,"7,8",0,AM
8,CGBEST/CCN013,PROBABILIDADE E ESTATÍSTICA,"9,0","8,9","9,0",,,,"9,0",0,AM
8,DC/CCN023,PROGRAMAÇÃO ORIENTADA A OBJETOS,"6,0","6,0","4,0",,,"6,5","5,9",2,RN
8,DMAT/CCN033,CÁLCULO DIFERENCIAL E INTEGRAL II,"9,2","9,3","9,4",,,,"9,3",0,AM
8,DC/CCN029,CIRCUITOS DIGITAIS,"9,5","9,5","8,4",,,,"9,1",4,AM
8,DMAT/CCN035,MATEMÁTICA DISCRETA,"7,0","7,0","8,0",,,,"7,3",0,AM
8,DC/CCN026,PROGRAMAÇÃO ESTRUTURADA,"7,3","6,1","3,7",,,"6,6","6,2",0,AM
8,DC/CCN020,SEMINÁRIOS DE INTRODUÇÃO AO CURSO,"10,0",,,,,,"10,0",0,AM
8,DC/CCN026,PROGRAMAÇÃO ESTRUTURADA,"0,0","0,0","0,0",,,,"0,0",0,RN
8,DMAT/CCN032,CÁLCULO DIFERENCIAL E INTEGRAL I,"8,0","10,0","10,0",,,,"9,3",0,AM
8,DC/CCN021,INFORMÁTICA E SOCIEDADE,"9,0","9,0","9,0",,,,"9,0",0,AM
8,DC/CCN019,INTRODUÇÃO À LÓGICA,"10,0","9,5","9,8",,,,"9,8",0,AM
8,DFIL/CCHL009,INTRODUÇÃO À METODOLOGIA CIENTÍFICA,"10,0","8,0","10,0",,,,"9,3",0,AM
9,DC/CCN061,PROCESSAMENTO DE LINGUAGEM NATURAL,"8,6","10,0","9,5",,,,"9,4",2,AM
9,DC/CCN071,TÓPICOS EM ENGENHARIA DE SOFTWARE,"9,5","9,2","9,0",,,,"9,2",2,AM
9,DC/CCN049,TRABALHO DE CONCLUSÃO DE CURSO II - TCC II,"10,0","10,0","10,0",,,,"10,0",0,AM
9,DC/CCN047,ESTÁGIO SUPERVISIONADO,"10,0","10,0","10,0","10,0","10,0",,"10,0",0,AM
9,DC/CCN057,REDES NEURAIS ARTIFICIAIS,"10,0","8,0","10,0",,,,"9,3",0,AM
9,DC/CCN046,TRABALHO DE CONCLUSÃO DE CURSO I - TCC I,"10,0","10,0","10,0",,,,"10,0",0,AM
9,DC/CCN042,COMPILADORES,"9,0","8,2","8,8",,,,"8,7",7,AM
9,DC/CCN055,FLUXOS EM REDES,"10,0","9,5","5,8",,,,"8,4",0,AM
9,DC/CCN058,SISTEMAS EMBARCADOS,"10,0","10,0","10,0",,,,"10,0",4,AM
9,DC/CCN067,TÓPICOS EM BIOINFORMÁTICA,"10,0","5,0","9,0",,,,"8,0",2,AM
9,DC/CCN074,TÓPICOS EM REDES DE COMPUTADORES,"10,0","10,0","10,0",,,,"10,0",2,AM
9,DC/CCN045,BANCOS DE DADOS RELACIONAIS,"4,5","10,0","10,0",,,,"8,2",2,AM
9,DC/CCN044,ENGENHARIA DE SOFTWARE II,"9,4","8,1","7,4",,,,"8,3",0,AM
9,DC/CCN048,PROGRAMAÇÃO FUNCIONAL,"9,5","10,0","10,0",,,,"9,8",2,AM
9,DC/CCN081,VISÃO COMPUTACIONAL,"8,0","10,0","9,0",,,,"9,0",2,AM
9,DC/CCN032,COMPUTAÇÃO GRÁFICA,"8,1","9,9","10,0",,,,"9,3",6,AM
9,DC/CCN039,ENGENHARIA DE SOFTWARE I,"9,9","9,5","8,3",,,,"9,2",2,AM
9,DC/CCN041,INTELIGÊNCIA ARTIFICIAL,"8,3","5,0","9,3",,,,"7,5",2,AM
9,DC/CCN040,SEGURANÇA EM SISTEMAS,"8,2","6,2","8,6",,,,"7,7",4,AM
9,DC/CCN038,SISTEMAS DISTRIBUÍDOS,"8,9","6,0","8,9",,,,"7,9",2,AM
9,DC/CCN030,TEORIA DA COMPUTAÇÃO,"9,1","4,9","7,4",,,,"7,1",4,AM
9,CGBEST/CCN013,PROBABILIDADE E ESTATÍSTICA,"9,3","8,9","9,3",,,,"9,2",0,AM
9,DC/CCN037,PROCESSAMENTO DIGITAL DE IMAGENS,"9,2","7,6","6,8",,,,"7,9",0,AM
9,DC/CCN034,PROGRAMAÇÃO LINEAR,"9,0","5,0","10,0",,,,"8,0",0,AM
9,DC/CCN036,PROJETO E ANÁLISE DE ALGORITMOS,"9,4","9,9","9,1",,,,"9,5",0,AM
9,DC/CCN035,REDES DE COMPUTADORES,"10,0","9,5","9,0",,,,"9,5",0,AM
9,DC/CCN033,SISTEMAS OPERACIONAIS,"8,9","8,2","8,6",,,,"8,6",0,AM
9,DMAT/CCN034,ÁLGEBRA LINEAR,"9,0","9,6","8,0",,,,"8,9",0,AM
9,DC/CCN031,ARQUITETURA DE COMPUTADORES,"8,5","8,5","10,0",,,,"9,0",0,AM
9,DC/CCN025,BANCO DE DADOS,"8,0","10,0","10,0",,,,"9,3",0,AM
9,DC/CCN027,INTERFACE HUMANO COMPUTADOR,"8,5","10,0","10,0",,,,"9,5",0,AM
9,DC/CCN043,LINGUAGENS DE PROGRAMAÇÃO,"8,0","8,2","7,7",,,,"8,0",0,AM
9,DMAT/CCN035,MATEMÁTICA DISCRETA,"7,0","7,0","8,0",,,,"7,3",0,AM
9,DC/CCN028,TEORIA E APLICAÇÕES EM GRAFOS,"10,0","10,0","8,5",,,,"9,5",0,AM
9,DC/CCN026,PROGRAMAÇÃO ESTRUTURADA,"9,0","9,2","9,6",,,,"9,3",0,AM
9,DMAT/CCN033,CÁLCULO DIFERENCIAL E INTEGRAL II,"7,6","7,0","10,0",,,,"8,2",0,AM
9,DC/CCN029,CIRCUITOS DIGITAIS,"10,0","9,5","9,4",,,,"9,6",0,AM
9,DC/CCN022,ESTRUTURAS DE DADOS,"9,9","10,0","10,0",,,,"10,0",2,AM
9,DC/CCN024,LABORATÓRIO DE PROGRAMAÇÃO,"9,5","9,5","10,0",,,,"9,7",0,AM
9,DC/CCN023,PROGRAMAÇÃO ORIENTADA A OBJETOS,"9,3","10,0","10,0",,,,"9,8",0,AM
9,DMAT/CCN032,CÁLCULO DIFERENCIAL E INTEGRAL I,"7,2","9,6","8,5",,,,"8,4",0,AM
9,DC/CCN021,INFORMÁTICA E SOCIEDADE,"9,0","9,0","9,0",,,,"9,0",0,AM
9,CLE/CCHL002,INGLÊS TÉCNICO E CIENTÍFICO,"9,6","8,2","7,3",,,,"8,4",0,AM
9,DC/CCN019,INTRODUÇÃO À LÓGICA,"10,0","10,0","10,0",,,,"10,0",1,AM
9,DFIL/CCHL009,INTRODUÇÃO À METODOLOGIA CIENTÍFICA,"10,0","7,5","7,5",,,,"8,3",0,AM
9,DC/CCN020,SEMINÁRIOS DE INTRODUÇÃO AO CURSO,"10,0",,,,,,"10,0",0,AM
10,DC/CCN027,INTERFACE HUMANO COMPUTADOR,"9,0","10,0","10,0",,,,"9,7",14,AM
10,DC/CCN064,REDES DE COMUNICAÇÃO SEM FIO,"7,7","7,0","8,5",,,,"7,7",0,AM
10,DC/CCN074,TÓPICOS EM REDES DE COMPUTADORES,"8,6","10,0","10,0",,,,"9,5",8,AM
10,DC/CCN032,COMPUTAÇÃO GRÁFICA,"8,7","8,4","9,0",,,,"8,7",10,AM
10,DC/CCN041,INTELIGÊNCIA ARTIFICIAL,"7,1","7,1","8,5",,,,"7,6",6,AM
10,DC/CCN040,SEGURANÇA EM SISTEMAS,"6,3","8,8","8,8",,,,"8,0",12,AM
10,DC/CCN038,SISTEMAS DISTRIBUÍDOS,"9,0","10,0","10,0",,,,"9,7",14,AM
10,DC/CCN067,TÓPICOS EM BIOINFORMÁTICA,"8,5","9,0","10,0",,,,"9,2",6,AM
10,DC/CCN044,ENGENHARIA DE SOFTWARE II,"9,5","9,0","9,0",,,,"9,2",4,AM
10,CGBEST/CCN013,PROBABILIDADE E ESTATÍSTICA,"10,0","8,0","8,3",,,,"8,8",4,AM
10,DC/CCN033,SISTEMAS OPERACIONAIS,"10,0","8,5","10,0",,,,"9,5",12,AM
10,DC/CCN042,COMPILADORES,"9,6","5,8","6,9",,,,"7,4",13,AM
10,DC/CCN039,ENGENHARIA DE SOFTWARE I,"7,8","6,5","6,7",,,,"7,0",10,AM
10,DC/CCN043,LINGUAGENS DE PROGRAMAÇÃO,"10,0","10,0","10,0",,,,"10,0",0,AM
10,DC/CCN058,SISTEMAS EMBARCADOS,"8,0","6,0","10,0",,,,"8,0",6,AM
10,DC/CCN037,PROCESSAMENTO DIGITAL DE IMAGENS,"8,0","7,2","8,0",,,,"7,7",10,AM
10,DC/CCN035,REDES DE COMPUTADORES,"8,0","7,7","6,6",,,,"7,4",6,AM
10,DC/CCN030,TEORIA DA COMPUTAÇÃO,"6,2","4,3","8,2",,,"7,8","7,0",12,AM
10,DC/CCN031,ARQUITETURA DE COMPUTADORES,"6,8","7,0","7,5",,,,"7,1",2,AM
10,DC/CCN034,PROGRAMAÇÃO LINEAR,"8,3","6,0","9,2",,,,"7,8",0,AM
10,DC/CCN036,PROJETO E ANÁLISE DE ALGORITMOS,"5,3","9,3","7,4",,,,"7,3",6,AM
10,DMAT/CCN034,ÁLGEBRA LINEAR,"4,5","7,0","10,0",,,,"7,2",0,AM
10,DC/CCN031,ARQUITETURA DE COMPUTADORES,"7,0","0,0","0,0",,,,"2,3",0,RN
10,DC/CCN025,BANCO DE DADOS,"10,0","9,0","10,0",,,,"9,7",0,AM
10,DC/CCN028,TEORIA E APLICAÇÕES EM GRAFOS,"9,8","10,0","10,0",,,,"9,9",0,AM
10,DC/CCN022,ESTRUTURAS DE DADOS,"8,0","9,8","9,0",,,,"8,9",2,AM
10,DC/CCN024,LABORATÓRIO DE PROGRAMAÇÃO,"10,0","8,3","10,0",,,,"9,4",2,AM
10,DMAT/CCN035,MATEMÁTICA DISCRETA,"7,0","7,0","8,0",,,,"7,3",0,AM
10,DC/CCN023,PROGRAMAÇÃO ORIENTADA A OBJETOS,"10,0","10,0","10,0",,,,"10,0",2,AM
10,DC/CCN026,PROGRAMAÇÃO ESTRUTURADA,"0,0","0,0","0,0",,,,"0,0",0,RN
10,DMAT/CCN033,CÁLCULO DIFERENCIAL E INTEGRAL II,"9,0","6,5","10,0",,,,"8,5",0,AM
10,DC/CCN029,CIRCUITOS DIGITAIS,"10,0","9,5","10,0",,,,"9,8",2,AM
10,DC/CCN026,PROGRAMAÇÃO ESTRUTURADA,"9,5","7,5","8,0",,,,"8,3",2,AM
10,DMAT/CCN032,CÁLCULO DIFERENCIAL E INTEGRAL I,"6,8","9,4","8,7",,,,"8,3",0,AM
10,DC/CCN021,INFORMÁTICA E SOCIEDADE,"9,0","9,0","9,0",,,,"9,0",0,AM
10,CLE/CCHL002,INGLÊS TÉCNICO E CIENTÍFICO,"7,3","8,1","7,1",,,,"7,5",0,AM
10,DC/CCN019,INTRODUÇÃO À LÓGICA,"9,9","9,9","9,9",,,,"9,9",2,AM
10,DFIL/CCHL009,INTRODUÇÃO À METODOLOGIA CIENTÍFICA,"10,0","7,0","7,0",,,,"8,0",0,AM
10,DC/CCN020,SEMINÁRIOS DE INTRODUÇÃO AO CURSO,"10,0",,,,,,"10,0",0,AM
11,DC/CCN042,COMPILADORES,"2,9","3,5","10,0",,,"7,5","6,5",14,AM
11,DC/CCN043,LINGUAGENS DE PROGRAMAÇÃO,"4,5","8,5","6,7",,,"10,0","8,3",14,AM
11,DC/CCN058,SISTEMAS EMBARCADOS,"5,5","9,0","6,7",,,,"7,1",8,AM
11,DC/CCN044,ENGENHARIA DE SOFTWARE II,"7,0","6,5","8,5",,,,"7,3",15,AM
11,DC/CCN043,LINGUAGENS DE PROGRAMAÇÃO,"4,7","7,4","5,1",,,"1,2","3,4",14,RN
11,DC/CCN040,SEGURANÇA EM SISTEMAS,"4,4","2,6","9,1",,,"4,9","5,2",14,RN
11,DC/CCN057,REDES NEURAIS ARTIFICIAIS,"3,0","5,0","0,0",,,,"2,7",0,RN
11,DC/CCN040,SEGURANÇA EM SISTEMAS,"2,4","5,8","4,8",,,"8,1","6,2",8,AM
11,DC/CCN038,SISTEMAS DISTRIBUÍDOS,"8,5","9,0","10,0",,,,"9,2",12,AM
11,DC/CCN030,TEORIA DA COMPUTAÇÃO,"9,5","6,0","9,8",,,,"8,4",12,AM
11,DC/CCN039,ENGENHARIA DE SOFTWARE I,"7,2","8,0","7,5",,,,"7,6",11,AM
11,DC/CCN055,FLUXOS EM REDES,"7,0","10,0","1,3",,,"4,8","5,4",0,RN
11,DC/CCN035,REDES DE COMPUTADORES,"6,5","7,7","7,5",,,,"7,2",0,AM
11,DC/CCN033,SISTEMAS OPERACIONAIS,"8,0","8,5","9,0",,,,"8,5",10,AM
11,DC/CCN030,TEORIA DA COMPUTAÇÃO,"6,4","4,7","1,0",,,"8,0","6,0",6,AM
11,DC/CCN067,TÓPICOS EM BIOINFORMÁTICA,"10,0","4,0","9,3",,,,"7,8",0,AM
11,DC/CCN045,BANCOS DE DADOS RELACIONAIS,"4,4","10,0","10,0",,,,"8,1",8,AM
11,DC/CCN032,COMPUTAÇÃO GRÁFICA,"9,6","5,3","7,5",,,,"7,5",13,AM
11,DC/CCN041,INTELIGÊNCIA ARTIFICIAL,"5,8","7,0","10,0",,,,"7,6",8,AM
11,DC/CCN037,PROCESSAMENTO DIGITAL DE IMAGENS,"6,0","8,4","7,6",,,,"7,3",12,AM
11,DC/CCN031,ARQUITETURA DE COMPUTADORES,"8,3","7,0","7,5",,,,"7,6",10,AM
11,DC/CCN025,BANCO DE DADOS,"9,5","10,0","10,0",,,,"9,8",0,AM
11,CGBEST/CCN013,PROBABILIDADE E ESTATÍSTICA,"8,5","7,5","6,5",,,,"7,5",0,AM
11,DC/CCN034,PROGRAMAÇÃO LINEAR,"7,0","6,0","9,2",,,,"7,4",0,AM
11,DC/CCN036,PROJETO E ANÁLISE DE ALGORITMOS,"5,0","7,0","5,9",,,"7,2","6,6",6,AM
11,DC/CCN031,ARQUITETURA DE COMPUTADORES,"7,0","7,5","0,0",,,"6,3","5,6",0,RN
11,DC/CCN027,INTERFACE HUMANO COMPUTADOR,"10,0","10,0","9,6",,,,"9,9",0,AM
11,DC/CCN023,PROGRAMAÇÃO ORIENTADA A OBJETOS,"9,0","5,2","9,0",,,,"7,7",2,AM
11,DC/CCN028,TEORIA E APLICAÇÕES EM GRAFOS,"9,5","10,0","10,0",,,,"9,8",0,AM
11,DMAT/CCN034,ÁLGEBRA LINEAR,"7,1","8,8","7,0",,,,"7,6",0,AM
11,DC/CCN022,ESTRUTURAS DE DADOS,"7,1","9,2","9,0",,,,"8,4",10,AM
11,DC/CCN024,LABORATÓRIO DE PROGRAMAÇÃO,"7,5","7,7","6,0",,,,"7,1",6,AM
11,DMAT/CCN035,MATEMÁTICA DISCRETA,"7,0","7,0","8,0",,,,"7,3",0,AM
11,DC/CCN023,PROGRAMAÇÃO ORIENTADA A OBJETOS,"5,0","4,0","5,0",,,"1,0","2,8",13,RN
11,DMAT/CCN033,CÁLCULO DIFERENCIAL E INTEGRAL II,"8,9","5,5","10,0",,,,"8,1",0,AM
11,DC/CCN029,CIRCUITOS DIGITAIS,"7,5","9,5","9,6",,,,"8,9",4,AM
11,CGBEST/CCN013,PROBABILIDADE E ESTATÍSTICA,"4,8","0,0","1,0",,,,"0,0",24,RF
11,DC/CCN026,PROGRAMAÇÃO ESTRUTURADA,"9,3","6,8","8,5",,,,"8,2",8,AM
11,DMAT/CCN032,CÁLCULO DIFERENCIAL E INTEGRAL I,"8,8","9,6","6,7",,,,"8,4",0,AM
11,DC/CCN021,INFORMÁTICA E SOCIEDADE,"9,5","9,5","9,5",,,,"9,5",0,AM
11,CLE/CCHL002,INGLÊS TÉCNICO E CIENTÍFICO,"7,6","7,6","8,6",,,,"7,9",2,AM
11,DC/CCN019,INTRODUÇÃO À LÓGICA,"9,0","9,0","9,0",,,,"9,0",0,AM
11,DFIL/CCHL009,INTRODUÇÃO À METODOLOGIA CIENTÍFICA,"10,0","7,0","7,0",,,,"8,0",0,AM
11,DC/CCN026,PROGRAMAÇÃO ESTRUTURADA,"1,8","5,0","3,1",,,,"3,3",2,RN
11,DC/CCN020,SEMINÁRIOS DE INTRODUÇÃO AO CURSO,"8,7",,,,,,"8,7",4,AM
12,DC/CCN047 ,ESTÁGIO SUPERVISIONADO,"10,0","10,0","10,0",,,,"10,0",0,AM
12,DC/CCN047 ,ESTÁGIO SUPERVISIONADO,"0,0","0,0","0,0",,,,"0,0",0,RN
12,DC/CCN061 ,PROCESSAMENTO DE LINGUAGEM NATURAL,"9,4","10,0","9,5",,,,"9,6",12,AM
12,DC/CCN071 ,TÓPICOS EM ENGENHARIA DE SOFTWARE,"8,0","9,2","8,5",,,,"8,6",2,AM
12,DFIS/CCN020,ELETRICIDADE E MAGNETISMO,"0,0","0,0","0,0",,,,"0,0",60,RF
12,DC/CCN055 ,FLUXOS EM REDES,"6,0","9,5","0,0",,,"8,4","6,8",0,AM
12,DC/CCN057 ,REDES NEURAIS ARTIFICIAIS,"7,0","6,0","2,0",,,"5,6","5,3",0,RN
12,DC/CCN074 ,TÓPICOS EM REDES DE COMPUTADORES,"9,7","10,0","10,0",,,,"9,9",10,AM
12,DC/CCN046 ,TRABALHO DE CONCLUSÃO DE CURSO I - TCC I,"10,0","10,0","10,0",,,,"10,0",0,AM
12,DC/CCN045 ,BANCOS DE DADOS RELACIONAIS,"10,0","9,1","6,8",,,,"8,6",10,AM
12,DC/CCN042 ,COMPILADORES,"8,8","8,6","8,7",,,,"8,7",11,AM
12,DMAT/CCN039,MÉTODOS NUMÉRICOS,"3,5","10,0","7,5",,,,"7,0",0,AM
12,DC/CCN048 ,PROGRAMAÇÃO FUNCIONAL,"9,8","6,0","8,3",,,,"8,0",10,AM
12,DC/CCN058 ,SISTEMAS EMBARCADOS,"10,0","10,0","6,7",,,,"8,9",4,AM
12,DC/CCN044 ,ENGENHARIA DE SOFTWARE II,"9,4","7,2","7,7",,,,"8,1",10,AM
12,DC/CCN040 ,SEGURANÇA EM SISTEMAS,"7,9","8,2","8,3",,,,"8,1",6,AM
12,DC/CCN030 ,TEORIA DA COMPUTAÇÃO,"8,4","7,7","8,6",,,,"8,2",12,AM
12,DC/CCN081 ,VISÃO COMPUTACIONAL,"7,8","10,0","9,0",,,,"8,9",10,AM
12,DC/CCN032 ,COMPUTAÇÃO GRÁFICA,"8,5","9,7","10,0",,,,"9,4",10,AM
12,DC/CCN041 ,INTELIGÊNCIA ARTIFICIAL,"8,2","6,5","8,9",,,,"7,9",2,AM
12,DC/CCN037 ,PROCESSAMENTO DIGITAL DE IMAGENS,"7,3","9,8","10,0",,,,"9,0",2,AM
12,DC/CCN034 ,PROGRAMAÇÃO LINEAR,"10,0","10,0","10,0",,,,"10,0",0,AM
12,DC/CCN038,SISTEMAS DISTRIBUÍDOS,"5,7","8,0","8,1",,,,"7,3",6,AM
12,DMAT/CCN034,ÁLGEBRA LINEAR,"8,7","7,5","8,0",,,,"8,1",0,AM
12,DC/CCN039,ENGENHARIA DE SOFTWARE I,"8,5","7,8","8,0",,,,"8,1",6,AM
12,CGBEST/CCN013,PROBABILIDADE E ESTATÍSTICA,"8,6","9,3","9,3",,,,"9,1",0,AM
12,DC/CCN036,PROJETO E ANÁLISE DE ALGORITMOS,"7,7","9,8","7,0",,,,"8,2",2,AM
12,DC/CCN035,REDES DE COMPUTADORES,"9,8","10,0","8,7",,,,"9,5",0,AM
12,DC/CCN033,SISTEMAS OPERACIONAIS,"8,8","8,6","8,1",,,,"8,5",0,AM
12,DC/CCN031,ARQUITETURA DE COMPUTADORES,"8,5","8,5","10,0",,,,"9,0",0,AM
12,DC/CCN025,BANCO DE DADOS,"10,0","10,0","10,0",,,,"10,0",0,AM
12,DC/CCN027,INTERFACE HUMANO COMPUTADOR,"9,0","9,5","10,0",,,,"9,5",0,AM
12,DC/CCN043,LINGUAGENS DE PROGRAMAÇÃO,"8,4","7,1","7,7",,,,"7,7",0,AM
12,DMAT/CCN035,MATEMÁTICA DISCRETA,"7,0","7,0","8,0",,,,"7,3",0,AM
12,DC/CCN028,TEORIA E APLICAÇÕES EM GRAFOS,"10,0","10,0","8,5",,,,"9,5",0,AM
12,DMAT/CCN033,CÁLCULO DIFERENCIAL E INTEGRAL II,"9,2","7,8","10,0",,,,"9,0",0,AM
12,DC/CCN029,CIRCUITOS DIGITAIS,"10,0","9,5","10,0",,,,"9,8",0,AM
12,DC/CCN022,ESTRUTURAS DE DADOS,"9,9","10,0","10,0",,,,"10,0",2,AM
12,DC/CCN024,LABORATÓRIO DE PROGRAMAÇÃO,"9,5","9,8","9,7",,,,"9,7",0,AM
12,DC/CCN023,PROGRAMAÇÃO ORIENTADA A OBJETOS,"9,3","10,0","9,8",,,,"9,7",3,AM
12,DMAT/CCN032,CÁLCULO DIFERENCIAL E INTEGRAL I,"6,8","5,4","9,4",,,,"7,2",0,AM
12,DC/CCN021,INFORMÁTICA E SOCIEDADE,"8,5","8,5","8,5",,,,"8,5",0,AM
12,CLE/CCHL002,INGLÊS TÉCNICO E CIENTÍFICO,"8,7","9,4","10,0",,,,"9,4",0,AM
12,DC/CCN019,INTRODUÇÃO À LÓGICA,"9,5","9,5","9,5",,,,"9,5",0,AM
12,DFIL/CCHL009,INTRODUÇÃO À METODOLOGIA CIENTÍFICA,"10,0","8,0","8,0",,,,"8,7",0,AM
12,DC/CCN026,PROGRAMAÇÃO ESTRUTURADA,"8,4","7,9","10,0",,,,"8,8",0,AM
12,DC/CCN020,SEMINÁRIOS DE INTRODUÇÃO AO CURSO,"8,7",,,,,,"8,7",4,AM
13,DC/CCN048,PROGRAMAÇÃO FUNCIONAL,"5,0","7,0","10,0",,,,"7,3",8,AM
13,DC/CCN071,TÓPICOS EM ENGENHARIA DE SOFTWARE,"8,9","7,0","0,0",,,,"0,0",18,RF
13,DC/CCN081,VISÃO COMPUTACIONAL,"9,6","9,2","9,0",,,,"9,3",0,AM
13,DC/CCN067,TÓPICOS EM BIOINFORMÁTICA,"6,0","9,0","8,5",,,,"7,8",4,AM
13,DC/CCN076,TÓPICOS EM SISTEMAS COMPUTACIONAIS,"10,0","10,0","10,0",,,,"10,0",0,AM
13,DC/CCN042,COMPILADORES,"7,3","4,2","8,9",,,"4,0","5,4",14,RN
13,DC/CCN044,ENGENHARIA DE SOFTWARE II,"9,5","9,0","9,0",,,,"9,2",0,AM
13,DC/CCN038,SISTEMAS DISTRIBUÍDOS,"9,8","8,3","10,0",,,,"9,4",12,AM
13,DC/CCN058,SISTEMAS EMBARCADOS,"7,5","8,6","8,8",,,,"8,3",12,AM
13,DC/CCN074,TÓPICOS EM REDES DE COMPUTADORES,"9,9","10,0","10,0",,,,"10,0",2,AM
13,DC/CCN045,BANCOS DE DADOS RELACIONAIS,"8,5","3,8","6,2",,,"6,0","6,1",4,AM
13,DC/CCN039,ENGENHARIA DE SOFTWARE I,"8,8","8,0","6,0",,,,"7,6",15,AM
13,DC/CCN041,INTELIGÊNCIA ARTIFICIAL,"6,5","6,5","6,0",,,"4,9","5,6",6,RN
13,DC/CCN043,LINGUAGENS DE PROGRAMAÇÃO,"10,0","9,5","9,5",,,,"9,7",0,AM
13,DC/CCN040,SEGURANÇA EM SISTEMAS,"7,3","7,9","7,5",,,,"7,6",6,AM
13,DC/CCN037,PROCESSAMENTO DIGITAL DE IMAGENS,"7,4","8,0","8,5",,,,"8,0",12,AM
13,DC/CCN036,PROJETO E ANÁLISE DE ALGORITMOS,"6,6","4,5","7,7",,,"4,1","5,2",6,RN
13,DC/CCN035,REDES DE COMPUTADORES,"6,4","7,4","6,5",,,"5,7","6,2",6,AM
13,DC/CCN033,SISTEMAS OPERACIONAIS,"7,4","5,8","7,3",,,"6,4","6,6",10,AM
13,DC/CCN030,TEORIA DA COMPUTAÇÃO,"2,3","5,8","7,6",,,"1,8","3,5",8,RN
13,DC/CCN031,ARQUITETURA DE COMPUTADORES,"6,3","7,5","7,5",,,,"7,1",6,AM
13,DC/CCN025,BANCO DE DADOS,"8,5","9,0","10,0",,,,"9,2",0,AM
13,DC/CCN032,COMPUTAÇÃO GRÁFICA,"8,6","8,2","9,5",,,,"8,8",2,AM
13,DC/CCN034,PROGRAMAÇÃO LINEAR,"3,2","6,0","9,5",,,"6,1","6,2",0,AM
13,DC/CCN028,TEORIA E APLICAÇÕES EM GRAFOS,"10,0","5,0","9,5",,,,"8,2",0,AM
13,DMAT/CCN034,ÁLGEBRA LINEAR,"5,0","3,0","7,0",,,"5,4","5,2",0,RN
13,DC/CCN027,INTERFACE HUMANO COMPUTADOR,"8,0","7,0","9,5",,,,"8,2",0,AM
13,CGBEST/CCN013,PROBABILIDADE E ESTATÍSTICA,"9,2","8,8","9,2",,,,"9,1",0,AM
13,DC/CCN073,TÓPICOS EM PROGRAMAÇÃO,"9,1","7,9","8,0",,,,"8,3",0,AM
13,DMAT/CCN033,CÁLCULO DIFERENCIAL E INTEGRAL II,"9,2","9,3","9,4",,,,"9,3",0,AM
13,DC/CCN029,CIRCUITOS DIGITAIS,"8,8","7,5","7,2",,,,"7,8",0,AM
13,DC/CCN022,ESTRUTURAS DE DADOS,"7,7","6,4","9,0",,,,"7,7",3,AM
13,DC/CCN024,LABORATÓRIO DE PROGRAMAÇÃO,"10,0","8,0","10,0",,,,"9,3",0,AM
13,DMAT/CCN035,MATEMÁTICA DISCRETA,"7,0","7,0","8,0",,,,"7,3",0,AM
13,DC/CCN023,PROGRAMAÇÃO ORIENTADA A OBJETOS,"10,0","4,0","10,0",,,,"8,0",10,AM
13,DMAT/CCN032,CÁLCULO DIFERENCIAL E INTEGRAL I,"6,0","8,0","9,0",,,,"7,7",0,AM
13,DC/CCN021,INFORMÁTICA E SOCIEDADE,"9,0","9,0","9,0",,,,"9,0",0,AM
13,CLE/CCHL002,INGLÊS TÉCNICO E CIENTÍFICO,"6,0","7,0","6,5",,,"5,9","6,2",0,AM
13,DC/CCN019,INTRODUÇÃO À LÓGICA,"9,9","9,7","9,3",,,,"9,6",0,AM
13,DFIL/CCHL009,INTRODUÇÃO À METODOLOGIA CIENTÍFICA,"9,0","8,5","9,0",,,,"8,8",0,AM
13,DC/CCN026,PROGRAMAÇÃO ESTRUTURADA,"9,2","9,2","10,0",,,,"9,5",0,AM
13,DC/CCN020,SEMINÁRIOS DE INTRODUÇÃO AO CURSO,"9,3",,,,,,"9,3",2,AM
14,DMAT/CCN034,ÁLGEBRA LINEAR,"3,9","7,7","3,8",,,,"0,0",16,RF
14,DC/CCN025,BANCO DE DADOS,"4,5","6,8","6,2",,,"0,8","3,3",6,RN
14,DMAT/CCN033,CÁLCULO DIFERENCIAL E INTEGRAL II,"7,1","8,8","9,3",,,,"8,4",2,AM
14,DC/CCN022,ESTRUTURAS DE DADOS,"8,0","7,3","3,1",,,"5,7","5,9",2,RN
14,DC/CCN023,PROGRAMAÇÃO ORIENTADA A OBJETOS,"9,2","5,7","7,7",,,,"7,5",12,AM
14,DC/CCN019,INTRODUÇÃO À LÓGICA,"4,3","7,4","3,2",,,"6,4","5,7",8,RN
14,DC/CCN026,PROGRAMAÇÃO ESTRUTURADA,"4,6","8,5","1,6",,,"8,6","6,8",9,AM
14,DC/CCN041,INTELIGÊNCIA ARTIFICIAL,"3,8","5,3","7,1",,,"3,6","4,5",2,RN
14,DMAT/CCN039,MÉTODOS NUMÉRICOS,"8,8","4,8","2,3",,,"3,9","4,6",4,RN
14,DC/CCN049,TRABALHO DE CONCLUSÃO DE CURSO II - TCC II,"10,0","10,0","10,0",,,,"10,0",3,AM
14,DC/CCN048,PROGRAMAÇÃO FUNCIONAL,"4,4","5,0","7,4",,,"6,5","6,0",6,AM
14,DC/CCN021,INFORMÁTICA E SOCIEDADE,"9,6","6,7","7,1",,,,"7,8",8,AM
14,DC/CCN057,REDES NEURAIS ARTIFICIAIS,"7,2","6,6","9,3",,,,"0,0",23,RF
14,DC/CCN068,TÓPICOS EM ARQUITETURA DE COMPUTADORES,"4,9","9,1","5,4",,,"10,0","8,2",1,AM
14,DC/CCN030 ,TEORIA DA COMPUTAÇÃO,"5,3","0,6","4,3",,,,"3,4",12,RN
14,DC/CCN058 ,SISTEMAS EMBARCADOS,"5,3","6,4","3,1",,,"9,1","7,0",0,AM
14,DC/CCN076,TÓPICOS EM SISTEMAS COMPUTACIONAIS,"4,6","5,5","3,7",,,"7,1","5,8",10,RN
14,DC/CCN071 ,TÓPICOS EM ENGENHARIA DE SOFTWARE,"7,8","7,9","9,2",,,,"8,3",3,AM
14,DC/CCN045,BANCOS DE DADOS RELACIONAIS,"4,0","6,6","7,3",,,,"0,0",20,RF
14,DC/CCN050,EMPREENDEDORISMO,"5,4","8,2","4,6",,,"9,0","7,6",0,AM
14,DC/CCN043,LINGUAGENS DE PROGRAMAÇÃO,"5,9","5,4","2,6",,,"6,7","5,6",4,RN
14,DC/CCN036,PROJETO E ANÁLISE DE ALGORITMOS,"8,4","5,9","2,1",,,"5,8","5,6",5,RN
14,DC/CCN042,COMPILADORES,"4,0","5,9","4,8",,,"9,0","7,0",2,AM
14,DC/CCN034 ,PROGRAMAÇÃO LINEAR,"4,9","4,1","6,1",,,"5,4","5,2",5,RN
14,DC/CCN035,REDES DE COMPUTADORES,"3,1","7,8","8,6",,,,"0,0",20,RF
15,DMAT/CCN034,ÁLGEBRA LINEAR,"4,3","5,6","3,3",,,"8,0","6,2",9,AM
15,DC/CCN025,BANCO DE DADOS,"7,2","4,2","4,3",,,"6,2","5,7",10,RN
15,DMAT/CCN033,CÁLCULO DIFERENCIAL E INTEGRAL II,"3,2","7,2","5,3",,,"0,9","3,1",10,RN
15,DC/CCN022,ESTRUTURAS DE DADOS,"6,0","7,0","3,0",,,"5,0","5,2",12,RN
15,DC/CCN023,PROGRAMAÇÃO ORIENTADA A OBJETOS,"3,1","8,1","2,1",,,"7,7","6,1",9,AM
15,DC/CCN019,INTRODUÇÃO À LÓGICA,"9,6","4,7","3,8",,,"7,4","6,7",11,AM
15,DC/CCN026,PROGRAMAÇÃO ESTRUTURADA,"5,7","4,5","3,8",,,,"0,0",25,RF
15,DMAT/CCN032,CÁLCULO DIFERENCIAL E INTEGRAL I,"9,4","7,5","6,6",,,,"7,8",0,AM
15,DC/CCN048,PROGRAMAÇÃO FUNCIONAL,"4,9","2,5","1,6",,,,"3,0",0,RN
15,DC/CCN074 ,TÓPICOS EM REDES DE COMPUTADORES,"4,6","2,1","8,1",,,"8,7","6,8",9,AM
15,DC/CCN030,TEORIA DA COMPUTAÇÃO,"4,2","4,7","7,2",,,"6,5","6,0",5,AM
15,DC/CCN040 ,SEGURANÇA EM SISTEMAS,"5,7","4,5","6,5",,,"5,5","5,6",4,RN
15,DMAT/CCN035,MATEMÁTICA DISCRETA,"5,0","9,1","1,1",,,"6,6","5,8",9,RN
15,DC/CCN047 ,ESTÁGIO SUPERVISIONADO,"6,6","5,5","4,8",,,"8,3","7,0",10,AM
15,DC/CCN046 ,TRABALHO DE CONCLUSÃO DE CURSO I - TCC I,"6,4","5,5","5,8",,,"5,1","5,5",6,RN
15,DC/CCN049,TRABALHO DE CONCLUSÃO DE CURSO II - TCC II,"10,0","10,0","10,0",,,,"10,0",3,AM
15,DC/CCN071,TÓPICOS EM ENGENHARIA DE SOFTWARE,"8,8","9,4","5,1",,,,"7,8",12,AM
15,DC/CCN021,INFORMÁTICA E SOCIEDADE,"5,7","8,7","0,8",,,,"0,0",16,RF
15,DC/CCN067,TÓPICOS EM BIOINFORMÁTICA,"5,8","9,7","3,5",,,"5,7","6,0",5,AM
15,DC/CCN035,REDES DE COMPUTADORES,"2,6","9,9","5,5",,,"7,2","6,6",8,AM
15,DC/CCN071 ,TÓPICOS EM ENGENHARIA DE SOFTWARE,"7,6","3,4","7,1",,,"5,4","5,7",10,RN
15,DC/CCN042,COMPILADORES,"4,7","7,5","8,1",,,"5,3","6,0",10,AM
15,DC/CCN034 ,PROGRAMAÇÃO LINEAR,"1,6","7,5","1,7",,,,"3,6",4,RN
16,DMAT/CCN034,ÁLGEBRA LINEAR,"4,8","4,2","7,7",,,"6,7","6,2",6,AM
16,DC/CCN025,BANCO DE DADOS,"9,9","9,6","3,7",,,,"7,7",2,AM
16,DMAT/CCN033,CÁLCULO DIFERENCIAL E INTEGRAL II,"7,3","6,9","7,3",,,,"7,2",7,AM
16,DC/CCN022,ESTRUTURAS DE DADOS,"2,0","4,3","5,9",,,,"0,0",24,RF
16,DC/CCN023,PROGRAMAÇÃO ORIENTADA A OBJETOS,"2,9","4,0","4,3",,,,"3,7",1,RN
16,DC/CCN019,INTRODUÇÃO À LÓGICA,"6,4","5,6","3,7",,,"6,4","5,8",11,RN
16,DC/CCN026,PROGRAMAÇÃO ESTRUTURADA,"5,9","6,9","6,7",,,"5,1","5,8",4,RN
16,DC/CCN038,SISTEMAS DISTRIBUÍDOS,"4,0","8,0","6,7",,,"5,1","5,6",0,RN
16,DC/CCN046 ,TRABALHO DE CONCLUSÃO DE CURSO I - TCC I,"0,4","9,1","4,0",,,,"0,0",25,RF
16,DC/CCN067,TÓPICOS EM BIOINFORMÁTICA,"3,5","7,2","5,3",,,"7,6","6,4",12,AM
16,CGBEST/CCN013,PROBABILIDADE E ESTATÍSTICA,"5,7","6,6","0,8",,,"5,7","5,1",8,RN
16,DC/CCN032 ,COMPUTAÇÃO GRÁFICA,"5,0","8,9","6,2",,,"1,8","4,2",11,RN
16,DC/CCN070,TÓPICOS EM COMPUTAÇÃO APLICADA,"8,7","7,1","6,1",,,,"7,3",8,AM
16,DC/CCN058 ,SISTEMAS EMBARCADOS,"6,1","5,4","8,7",,,,"0,0",22,RF
16,DC/CCN030 ,TEORIA DA COMPUTAÇÃO,"8,1","6,9","7,4",,,,"7,5",6,AM
16,DC/CCN043,LINGUAGENS DE PROGRAMAÇÃO,"7,9","5,3","6,5",,,"3,4","5,0",3,RN
16,DC/CCN061 ,PROCESSAMENTO DE LINGUAGEM NATURAL,"7,9","3,2","7,3",,,,"0,0",24,RF
16,DC/CCN033,SISTEMAS OPERACIONAIS,"6,3","6,8","4,3",,,"7,3","6,6",7,AM
17,DMAT/CCN034,ÁLGEBRA LINEAR,"7,7","4,2","5,7",,,"4,1","5,0",8,RN
17,DC/CCN025,BANCO DE DADOS,"8,4","6,5","9,0",,,,"8,0",2,AM
17,DMAT/CCN033,CÁLCULO DIFERENCIAL E INTEGRAL II,"4,8","8,5","5,6",,,"4,8","5,6",1,RN
17,DC/CCN022,ESTRUTURAS DE DADOS,"1,8","4,7","4,1",,,,"3,5",12,RN
17,DC/CCN023,PROGRAMAÇÃO ORIENTADA A OBJETOS,"9,0","8,2","9,2",,,,"8,8",5,AM
17,DC/CCN019,INTRODUÇÃO À LÓGICA,"4,5","3,3","9,1",,,"7,9","6,8",5,AM
17,DC/CCN026,PROGRAMAÇÃO ESTRUTURADA,"4,5","4,2","0,2",,,,"3,0",0,RN
17,DC/CCN061,PROCESSAMENTO DE LINGUAGEM NATURAL,"7,0","3,5","3,9",,,"6,2","5,5",5,RN
17,DC/CCN043,LINGUAGENS DE PROGRAMAÇÃO,"9,8","5,2","3,7",,,"5,3","5,8",5,RN
17,DC/CCN041,INTELIGÊNCIA ARTIFICIAL,"9,1","3,7","1,2",,,"7,5","6,1",6,AM
17,DC/CCN047,ESTÁGIO SUPERVISIONADO,"10,0","10,0","10,0","10,0","10,0",,"0,0",22,RF
17,DC/CCN034,PROGRAMAÇÃO LINEAR,"5,3","4,6","0,3",,,,"3,4",4,RN
17,DC/CCN055,FLUXOS EM REDES,"5,7","2,4","2,6",,,,"3,6",11,RN
17,DC/CCN029,CIRCUITOS DIGITAIS,"7,4","8,6","6,1",,,,"7,4",12,AM
17,DC/CCN046,TRABALHO DE CONCLUSÃO DE CURSO I - TCC I,"10,0","10,0","10,0",,,,"10,0",10,AM
17,DC/CCN064,REDES DE COMUNICAÇÃO SEM FIO,"9,6","9,5","4,9",,,,"8,0",8,AM
17,DC/CCN021,INFORMÁTICA E SOCIEDADE,"8,5","2,4","10,0",,,,"7,0",9,AM
17,DC/CCN038,SISTEMAS DISTRIBUÍDOS,"6,2","4,0","1,0",,,,"0,0",17,RF
17,DC/CCN081,VISÃO COMPUTACIONAL,"3,8","7,8","6,3",,,"5,5","5,8",2,RN
18,DMAT/CCN034,ÁLGEBRA LINEAR,"3,0","4,5","3,9",,,,"3,8",1,RN
18,DC/CCN025,BANCO DE DADOS,"9,4","5,6","5,0",,,"6,1","6,4",12,AM
18,DMAT/CCN033,CÁLCULO DIFERENCIAL E INTEGRAL II,"6,8","3,3","6,0",,,"7,1","6,2",12,AM
18,DC/CCN022,ESTRUTURAS DE DADOS,"5,5","9,7","6,1",,,,"7,1",12,AM
18,DC/CCN023,PROGRAMAÇÃO ORIENTADA A OBJETOS,"6,7","1,0","9,0",,,"6,3","5,9",3,RN
18,DC/CCN019,INTRODUÇÃO À LÓGICA,"5,9","0,8","5,8",,,"8,6","6,4",11,AM
18,DC/CCN026,PROGRAMAÇÃO ESTRUTURADA,"8,3","2,2","2,1",,,"8,6","6,4",4,AM
18,DC/CCN038,SISTEMAS DISTRIBUÍDOS,"5,4","8,2","8,7",,,,"7,4",0,AM
18,DC/CCN032,COMPUTAÇÃO GRÁFICA,"4,1","8,2","8,6",,,,"7,0",3,AM
18,DC/CCN047,ESTÁGIO SUPERVISIONADO,"9,0","9,0","9,0","9,0","9,0",,"9,0",0,AM
18,DC/CCN028,TEORIA E APLICAÇÕES EM GRAFOS,"7,5","3,8","5,8",,,"8,1","6,9",4,AM
18,DC/CCN071 ,TÓPICOS EM ENGENHARIA DE SOFTWARE,"5,2","3,2","7,0",,,"5,4","5,2",6,RN
19,DMAT/CCN034,ÁLGEBRA LINEAR,"7,9","7,2","5,3",,,"6,0","6,4",9,AM
19,DC/CCN025,BANCO DE DADOS,"8,8","4,4","6,3",,,"5,1","5,8",11,RN
19,DMAT/CCN033,CÁLCULO DIFERENCIAL E INTEGRAL II,"6,5","6,8","6,7",,,"6,0","6,4",7,AM
19,DC/CCN022,ESTRUTURAS DE DADOS,"7,2","4,0","5,3",,,"5,4","5,4",6,RN
19,DC/CCN023,PROGRAMAÇÃO ORIENTADA A OBJETOS,"8,7","8,9","4,9",,,,"7,5",10,AM
19,DC/CCN019,INTRODUÇÃO À LÓGICA,"4,3","9,5","6,0",,,,"0,0",21,RF
19,DC/CCN026,PROGRAMAÇÃO ESTRUTURADA,"4,7","8,9","6,0",,,"4,5","5,5",8,RN
19,DC/CCN040,SEGURANÇA EM SISTEMAS,"3,6","8,9","8,2",,,"4,9","5,9",4,RN
19,DC/CCN036,PROJETO E ANÁLISE DE ALGORITMOS,"4,4","3,8","6,2",,,"8,3","6,6",12,AM
19,DC/CCN020,SEMINÁRIOS DE INTRODUÇÃO AO CURSO,"9,5",,,,,,"9,5",2,AM
19,DC/CCN044 ,ENGENHARIA DE SOFTWARE II,"4,5","6,3","9,3",,,"5,8","6,2",7,AM
19,DC/CCN044,ENGENHARIA DE SOFTWARE II,"4,5","5,5","7,6",,,"5,3","5,6",12,RN
19,DMAT/CCN039,MÉTODOS NUMÉRICOS,"5,7","7,6","2,8",,,"7,1","6,2",9,AM
19,DC/CCN024,LABORATÓRIO DE PROGRAMAÇÃO,"6,1","5,9","8,5",,,"6,6","6,7",10,AM
20,DMAT/CCN034,ÁLGEBRA LINEAR,"8,7","4,3","3,0",,,"5,8","5,6",2,RN
20,DC/CCN025,BANCO DE DADOS,"0,4","6,2","4,7",,,,"3,8",8,RN
20,DMAT/CCN033,CÁLCULO DIFERENCIAL E INTEGRAL II,"5,8","9,7","4,5",,,"4,9","5,8",3,RN
20,DC/CCN022,ESTRUTURAS DE DADOS,"0,2","5,1","1,1",,,,"0,0",21,RF
20,DC/CCN023,PROGRAMAÇÃO ORIENTADA A OBJETOS,"5,1","4,9","8,0",,,,"0,0",25,RF
20,DC/CCN019,INTRODUÇÃO À LÓGICA,"5,1","4,7","3,7",,,"7,5","6,0",1,AM
20,DC/CCN026,PROGRAMAÇÃO ESTRUTURADA,"3,4","4,1","5,7",,,"7,5","6,0",3,AM
20,DC/CCN040 ,SEGURANÇA EM SISTEMAS,"6,7","4,7","6,5",,,,"0,0",21,RF
20,DC/CCN044 ,ENGENHARIA DE SOFTWARE II,"9,4","9,5","4,2",,,,"7,7",15,AM
20,DC/CCN042,COMPILADORES,"5,4","8,2","3,7",,,"3,7","4,8",4,RN
20,DMAT/CCN039,MÉTODOS NUMÉRICOS,"6,4","3,4","9,7",,,,"0,0",24,RF
20,DC/CCN057 ,REDES NEURAIS ARTIFICIAIS,"4,4","7,7","9,7",,,,"7,3",3,AM
20,DC/CCN020,SEMINÁRIOS DE INTRODUÇÃO AO CURSO,"10,0",,,,,,"10,0",7,AM
20,DMAT/CCN035,MATEMÁTICA DISCRETA,"9,7","5,4","7,7",,,,"7,6",5,AM
20,DC/CCN049,TRABALHO DE CONCLUSÃO DE CURSO II - TCC II,"10,0","10,0","10,0",,,,"10,0",11,AM
21,DMAT/CCN034,ÁLGEBRA LINEAR,"4,0","9,8","5,4",,,"1,4","3,9",12,RN
21,DC/CCN025,BANCO DE DADOS,"4,1","9,5","3,4",,,"8,3","7,0",15,AM
21,DMAT/CCN033,CÁLCULO DIFERENCIAL E INTEGRAL II,"5,7","7,4","6,1",,,"6,4","6,4",11,AM
21,DC/CCN022,ESTRUTURAS DE DADOS,"6,1","5,1","4,0",,,"7,0","6,0",10,AM
21,DC/CCN023,PROGRAMAÇÃO ORIENTADA A OBJETOS,"7,3","3,2","0,8",,,,"3,8",1,RN
21,DC/CCN019,INTRODUÇÃO À LÓGICA,"9,6","3,2","4,8",,,,"0,0",21,RF
21,DC/CCN026,PROGRAMAÇÃO ESTRUTURADA,"5,0","0,8","8,6",,,"8,3","6,6",8,AM
21,DC/CCN070,TÓPICOS EM COMPUTAÇÃO APLICADA,"9,9","4,8","3,6",,,"7,7","6,9",10,AM
21,DC/CCN068,TÓPICOS EM ARQUITETURA DE COMPUTADORES,"3,5","8,4","3,7",,,,"0,0",21,RF
21,DC/CCN041,INTELIGÊNCIA ARTIFICIAL,"3,9","9,0","8,2",,,,"7,0",1,AM
21,DC/CCN055,FLUXOS EM REDES,"6,9","4,4","4,0",,,"5,4","5,2",3,RN
21,DEFE/CCE007,"RELAÇÕES ÉTNICO-RACIAIS, GÊNERO E DIVERSIDADE","1,3","6,9","8,2",,,"7,3","6,4",5,AM
22,DMAT/CCN034,ÁLGEBRA LINEAR,"7,3","4,3","5,8",,,"6,2","6,0",9,AM
22,DC/CCN025,BANCO DE DADOS,"6,1","4,7","9,5",,,"4,6","5,7",1,RN
22,DMAT/CCN033,CÁLCULO DIFERENCIAL E INTEGRAL II,"0,2","2,9","6,5",,,,"0,0",24,RF
22,DC/CCN022,ESTRUTURAS DE DADOS,"9,3","4,4","0,3",,,"6,3","5,5",8,RN
22,DC/CCN023,PROGRAMAÇÃO ORIENTADA A OBJETOS,"4,7","2,5","2,7",,,,"3,3",5,RN
22,DC/CCN019,INTRODUÇÃO À LÓGICA,"7,7","5,6","3,9",,,"5,8","5,8",2,RN
22,DC/CCN026,PROGRAMAÇÃO ESTRUTURADA,"6,5","6,1","5,3",,,,"0,0",25,RF
22,DC/CCN047 ,ESTÁGIO SUPERVISIONADO,"8,7","6,3","8,1",,,,"7,7",9,AM
22,DC/CCN057 ,REDES NEURAIS ARTIFICIAIS,"8,3","4,9","8,0",,,,"7,1",13,AM
22,DC/CCN071 ,TÓPICOS EM ENGENHARIA DE SOFTWARE,"9,4","8,6","9,7",,,,"9,2",0,AM
22,DC/CCN061 ,PROCESSAMENTO DE LINGUAGEM NATURAL,"7,3","8,2","7,3",,,,"7,6",8,AM
22,DC/CCN044,ENGENHARIA DE SOFTWARE II,"0,9","6,2","3,1",,,,"3,4",12,RN
23,DMAT/CCN034,ÁLGEBRA LINEAR,"7,9","9,0","1,4",,,"7,0","6,6",9,AM
23,DC/CCN025,BANCO DE DADOS,"8,7","4,5","9,6",,,,"7,6",7,AM
23,DMAT/CCN033,CÁLCULO DIFERENCIAL E INTEGRAL II,"8,4","2,3","7,1",,,"5,7","5,8",15,RN
23,DC/CCN022,ESTRUTURAS DE DADOS,"4,2","4,9","5,0",,,"6,5","5,6",1,RN
23,DC/CCN023,PROGRAMAÇÃO ORIENTADA A OBJETOS,"6,9","7,6","0,4",,,"9,7","7,4",8,AM
23,DC/CCN019,INTRODUÇÃO À LÓGICA,"0,0","5,6","3,9",,,,"3,2",4,RN
23,DC/CCN026,PROGRAMAÇÃO ESTRUTURADA,"3,1","5,9","8,7",,,"1,0","3,4",4,RN
23,DC/CCN034 ,PROGRAMAÇÃO LINEAR,"9,7","4,7","4,3",,,"5,7","6,0",8,AM
23,DC/CCN070,TÓPICOS EM COMPUTAÇÃO APLICADA,"3,1","3,3","5,1",,,,"3,8",5,RN
23,DC/CCN032 ,COMPUTAÇÃO GRÁFICA,"2,0","8,0","6,5",,,"9,7","7,6",5,AM
23,DC/CCN031,ARQUITETURA DE COMPUTADORES,"5,1","3,5","9,5",,,"4,4","5,2",1,RN
23,DC/CCN036,PROJETO E ANÁLISE DE ALGORITMOS,"5,9","4,1","4,6",,,"6,2","5,6",12,RN
23,DC/CCN044,ENGENHARIA DE SOFTWARE II,"3,5","3,2","6,5",,,,"0,0",24,RF
23,DC/CCN045,BANCOS DE DADOS RELACIONAIS,"3,9","5,6","4,8",,,"5,6","5,2",2,RN
23,DC/CCN029,CIRCUITOS DIGITAIS,"9,6","3,2","7,3",,,"6,6","6,6",0,AM
23,DC/CCN048,PROGRAMAÇÃO FUNCIONAL,"8,9","3,5","6,8",,,"6,9","6,6",2,AM
23,DC/CCN038,SISTEMAS DISTRIBUÍDOS,"8,3","3,0","3,4",,,,"0,0",25,RF
24,DMAT/CCN034,ÁLGEBRA LINEAR,"6,6","9,0","7,1",,,,"7,6",4,AM
24,DC/CCN025,BANCO DE DADOS,"5,2","8,2","6,7",,,,"0,0",20,RF
24,DMAT/CCN033,CÁLCULO DIFERENCIAL E INTEGRAL II,"5,1","7,9","3,7",,,"7,5","6,6",3,AM
24,DC/CCN022,ESTRUTURAS DE DADOS,"9,0","9,0","6,2",,,,"8,1",0,AM
24,DC/CCN023,PROGRAMAÇÃO ORIENTADA A OBJETOS,"5,7","3,9","6,0",,,"7,6","6,4",3,AM
24,DC/CCN019,INTRODUÇÃO À LÓGICA,"7,5","5,5","1,7",,,"7,9","6,4",12,AM
24,DC/CCN026,PROGRAMAÇÃO ESTRUTURADA,"3,5","10,0","7,0",,,"5,3","6,0",8,AM
24,DC/CCN037,PROCESSAMENTO DIGITAL DE IMAGENS,"3,3","8,2","3,3",,,"5,8","5,4",12,RN
24,DC/CCN047 ,ESTÁGIO SUPERVISIONADO,"3,8","7,4","5,3",,,"5,7","5,6",1,RN
24,DC/CCN055 ,FLUXOS EM REDES,"3,1","4,9","8,9",,,"5,0","5,3",2,RN
24,DC/CCN068,TÓPICOS EM ARQUITETURA DE COMPUTADORES,"7,7","0,6","8,2",,,"8,1","6,8",5,AM
24,DC/CCN049,TRABALHO DE CONCLUSÃO DE CURSO II - TCC II,"10,0","10,0","10,0",,,,"10,0",2,AM
25,DMAT/CCN034,ÁLGEBRA LINEAR,"8,4","3,8","8,3",,,"5,4","6,1",5,AM
25,DC/CCN025,BANCO DE DADOS,"6,0","3,4","5,1",,,"5,4","5,1",6,RN
25,DMAT/CCN033,CÁLCULO DIFERENCIAL E INTEGRAL II,"3,5","3,5","4,8",,,,"3,9",9,RN
25,DC/CCN022,ESTRUTURAS DE DADOS,"3,8","9,3","6,1",,,"5,7","6,1",3,AM
25,DC/CCN023,PROGRAMAÇÃO ORIENTADA A OBJETOS,"9,3","7,9","3,1",,,"4,1","5,4",15,RN
25,DC/CCN019,INTRODUÇÃO À LÓGICA,"3,0","9,8","7,3",,,"7,2","7,0",2,AM
25,DC/CCN026,PROGRAMAÇÃO ESTRUTURADA,"9,1","5,3","7,7",,,,"7,4",10,AM
25,DC/CCN047,ESTÁGIO SUPERVISIONADO,"10,0","10,0","10,0","10,0","10,0",,"10,0",2,AM
25,DC/CCN045,BANCOS DE DADOS RELACIONAIS,"8,4","4,1","5,8",,,"1,3","3,7",11,RN
25,DC/CCN074,TÓPICOS EM REDES DE COMPUTADORES,"9,7","9,3","0,7",,,"3,6","5,1",12,RN
25,DC/CCN064,REDES DE COMUNICAÇÃO SEM FIO,"7,0","1,0","5,4",,,"9,5","7,0",15,AM
25,DC/CCN048,PROGRAMAÇÃO FUNCIONAL,"2,3","7,8","4,7",,,"7,2","6,1",1,AM
25,DC/CCN020,SEMINÁRIOS DE INTRODUÇÃO AO CURSO,"10,0",,,,,,"10,0",0,AM
25,CGBEST/CCN013,PROBABILIDADE E ESTATÍSTICA,"8,7","8,7","7,7",,,,"8,4",5,AM
25,DC/CCN024,LABORATÓRIO DE PROGRAMAÇÃO,"6,0","9,2","5,0",,,"4,4","5,6",4,RN
26,DMAT/CCN034,ÁLGEBRA LINEAR,"7,5","4,1","9,0",,,"7,9","7,4",6,AM
26,DC/CCN025,BANCO DE DADOS,"4,3","9,2","3,2",,,"5,8","5,7",11,RN
26,DMAT/CCN033,CÁLCULO DIFERENCIAL E INTEGRAL II,"5,5","4,4","6,0",,,"0,6","2,9",6,RN
26,DC/CCN022,ESTRUTURAS DE DADOS,"8,4","1,1","8,4",,,"7,6","6,8",2,AM
26,DC/CCN023,PROGRAMAÇÃO ORIENTADA A OBJETOS,"4,0","8,6","3,7",,,"6,5","6,0",1,AM
26,DC/CCN019,INTRODUÇÃO À LÓGICA,"8,9","4,1","4,2",,,"5,8","5,8",9,RN
26,DC/CCN026,PROGRAMAÇÃO ESTRUTURADA,"5,3","8,7","6,6",,,"5,5","6,2",3,AM
26,DC/CCN020,SEMINÁRIOS DE INTRODUÇÃO AO CURSO,"10,0",,,,,,"10,0",3,AM
26,DC/CCN055,FLUXOS EM REDES,"7,0","4,2","7,2",,,"5,3","5,7",5,RN
26,DC/CCN028,TEORIA E APLICAÇÕES EM GRAFOS,"2,4","3,2","3,6",,,,"3,1",5,RN
26,DC/CCN038,SISTEMAS DISTRIBUÍDOS,"6,5","3,2","6,0",,,"7,3","6,2",4,AM
26,DC/CCN046,TRABALHO DE CONCLUSÃO DE CURSO I - TCC I,"10,0","10,0","10,0",,,,"10,0",4,AM
26,DMAT/CCN035,MATEMÁTICA DISCRETA,"8,4","10,0","8,5",,,,"9,0",3,AM
26,DFIL/CCHL009,INTRODUÇÃO À METODOLOGIA CIENTÍFICA,"9,2","5,6","3,7",,,"5,1","5,6",0,RN
26,DC/CCN041 ,INTELIGÊNCIA ARTIFICIAL,"3,4","3,2","5,8",,,"6,5","5,3",14,RN
27,DMAT/CCN034,ÁLGEBRA LINEAR,"0,0","5,9","3,6",,,,"3,2",10,RN
27,DC/CCN025,BANCO DE DADOS,"9,4","9,5","7,9",,,,"8,9",12,AM
27,DMAT/CCN033,CÁLCULO DIFERENCIAL E INTEGRAL II,"6,8","4,9","3,7",,,"5,8","5,4",0,RN
27,DC/CCN022,ESTRUTURAS DE DADOS,"8,3","4,8","3,9",,,"0,6","3,2",8,RN
27,DC/CCN023,PROGRAMAÇÃO ORIENTADA A OBJETOS,"0,3","4,4","4,0",,,,"2,9",8,RN
27,DC/CCN019,INTRODUÇÃO À LÓGICA,"9,8","4,3","7,0",,,,"7,0",4,AM
27,DC/CCN026,PROGRAMAÇÃO ESTRUTURADA,"8,8","8,1","4,2",,,,"7,0",7,AM
27,DC/CCN071,TÓPICOS EM ENGENHARIA DE SOFTWARE,"3,6","7,4","5,1",,,"8,5","7,0",1,AM
27,DEFE/CCE007,"RELAÇÕES ÉTNICO-RACIAIS, GÊNERO E DIVERSIDADE","5,1","4,9","7,7",,,"4,2","5,1",0,RN
27,DC/CCN081 ,VISÃO COMPUTACIONAL,"4,3","3,8","9,9",,,"6,3","6,2",11,AM
27,DC/CCN032,COMPUTAÇÃO GRÁFICA,"6,2","7,4","8,9",,,,"0,0",17,RF
27,DC/CCN057,REDES NEURAIS ARTIFICIAIS,"4,2","7,7","5,8",,,"5,6","5,8",1,RN
27,DC/CCN037 ,PROCESSAMENTO DIGITAL DE IMAGENS,"2,4","3,9","6,9",,,"8,7","6,6",1,AM
27,DC/CCN042 ,COMPILADORES,"3,6","2,8","5,1",,,,"3,8",7,RN
27,DC/CCN081,VISÃO COMPUTACIONAL,"3,7","4,2","3,2",,,,"3,7",11,RN
27,DFIL/CCHL009,INTRODUÇÃO À METODOLOGIA CIENTÍFICA,"6,2","9,0","4,0",,,"7,1","6,8",9,AM
27,DC/CCN040,SEGURANÇA EM SISTEMAS,"4,7","5,1","7,2",,,"7,6","6,6",6,AM
27,DC/CCN048,PROGRAMAÇÃO FUNCIONAL,"9,5","3,8","7,3",,,"2,1","4,5",7,RN
27,DEFE/CCE007,"RELAÇÕES ÉTNICO-RACIAIS, GÊNERO E DIVERSIDADE","10,0","6,5","5,9",,,,"0,0",18,RF
27,DC/CCN074 ,TÓPICOS EM REDES DE COMPUTADORES,"2,9","7,0","3,2",,,"8,6","6,5",12,AM
27,DC/CCN061 ,PROCESSAMENTO DE LINGUAGEM NATURAL,"9,2","5,3","8,4",,,,"7,6",1,AM
28,DMAT/CCN034,ÁLGEBRA LINEAR,"3,0","3,5","6,1",,,,"0,0",17,RF
28,DC/CCN025,BANCO DE DADOS,"6,1","6,3","5,4",,,"5,7","5,8",10,RN
28,DMAT/CCN033,CÁLCULO DIFERENCIAL E INTEGRAL II,"6,6","7,7","2,1",,,"8,2","6,8",7,AM
28,DC/CCN022,ESTRUTURAS DE DADOS,"5,2","5,4","3,3",,,"7,7","6,2",11,AM
28,DC/CCN023,PROGRAMAÇÃO ORIENTADA A OBJETOS,"2,3","7,5","5,1",,,"6,4","5,7",4,RN
28,DC/CCN019,INTRODUÇÃO À LÓGICA,"7,7","7,2","8,3",,,,"7,7",7,AM
28,DC/CCN026,PROGRAMAÇÃO ESTRUTURADA,"9,8","4,7","6,6",,,,"7,0",8,AM
28,DC/CCN045 ,BANCOS DE DADOS RELACIONAIS,"3,3","7,1","7,7",,,,"0,0",23,RF
28,DC/CCN044,ENGENHARIA DE SOFTWARE II,"7,6","5,5","0,7",,,"7,7","6,2",8,AM
28,DC/CCN047,ESTÁGIO SUPERVISIONADO,"10,0","10,0","10,0","10,0","10,0",,"10,0",1,AM
28,DC/CCN031,ARQUITETURA DE COMPUTADORES,"5,5","4,6","8,1",,,,"0,0",19,RF
28,DC/CCN036,PROJETO E ANÁLISE DE ALGORITMOS,"5,5","6,5","7,7",,,"8,1","7,4",5,AM
28,DC/CCN061 ,PROCESSAMENTO DE LINGUAGEM NATURAL,"1,8","2,9","4,4",,,,"3,0",9,RN
29,DMAT/CCN034,ÁLGEBRA LINEAR,"3,5","6,9","5,9",,,"4,7","5,1",4,RN
29,DC/CCN025,BANCO DE DADOS,"9,4","8,3","5,0",,,,"7,6",8,AM
29,DMAT/CCN033,CÁLCULO DIFERENCIAL E INTEGRAL II,"3,1","4,7","9,1",,,"8,0","6,8",11,AM
29,DC/CCN022,ESTRUTURAS DE DADOS,"7,6","0,7","6,3",,,"8,7","6,8",3,AM
29,DC/CCN023,PROGRAMAÇÃO ORIENTADA A OBJETOS,"4,1","2,6","4,5",,,,"3,7",9,RN
29,DC/CCN019,INTRODUÇÃO À LÓGICA,"5,4","8,4","7,2",,,,"7,0",7,AM
29,DC/CCN026,PROGRAMAÇÃO ESTRUTURADA,"3,3","9,4","4,3",,,"6,6","6,2",3,AM
29,DC/CCN074,TÓPICOS EM REDES DE COMPUTADORES,"2,8","5,8","5,5",,,"1,7","3,2",6,RN
29,DC/CCN048,PROGRAMAÇÃO FUNCIONAL,"9,3","3,4","5,0",,,,"0,0",21,RF
29,DC/CCN058,SISTEMAS EMBARCADOS,"3,3","3,5","6,6",,,,"0,0",19,RF
29,DC/CCN055,FLUXOS EM REDES,"7,6","1,7","0,6",,,,"3,3",3,RN
29,DMAT/CCN039,MÉTODOS NUMÉRICOS,"4,6","10,0","4,6",,,"4,4","5,4",9,RN
29,DC/CCN047 ,ESTÁGIO SUPERVISIONADO,"7,7","6,9","8,5",,,,"0,0",21,RF
29,DC/CCN033,SISTEMAS OPERACIONAIS,"9,4","4,2","3,5",,,"4,6","5,2",11,RN
29,DC/CCN030,TEORIA DA COMPUTAÇÃO,"3,8","9,2","2,6",,,"8,4","6,8",2,AM
29,DC/CCN038,SISTEMAS DISTRIBUÍDOS,"3,5","5,6","4,6",,,"8,8","6,7",5,AM
29,DC/CCN058 ,SISTEMAS EMBARCADOS,"9,5","7,3","8,3",,,,"8,4",11,AM
30,DMAT/CCN034,ÁLGEBRA LINEAR,"4,6","3,0","9,1",,,,"0,0",22,RF
30,DC/CCN025,BANCO DE DADOS,"3,3","1,7","3,1",,,,"2,7",0,RN
30,DMAT/CCN033,CÁLCULO DIFERENCIAL E INTEGRAL II,"9,1","9,1","5,0",,,,"7,7",6,AM
30,DC/CCN022,ESTRUTURAS DE DADOS,"2,4","8,3","8,7",,,"4,5","5,5",3,RN
30,DC/CCN023,PROGRAMAÇÃO ORIENTADA A OBJETOS,"5,6","9,6","5,6",,,"6,4","6,6",9,AM
30,DC/CCN019,INTRODUÇÃO À LÓGICA,"3,7","3,9","7,5",,,,"0,0",20,RF
30,DC/CCN026,PROGRAMAÇÃO ESTRUTURADA,"4,0","4,9","5,3",,,"9,1","6,9",12,AM
30,DC/CCN042 ,COMPILADORES,"3,3","5,1","5,6",,,"7,1","5,9",10,RN
30,DC/CCN081 ,VISÃO COMPUTACIONAL,"6,2","9,7","5,8",,,,"0,0",20,RF
30,DC/CCN057,REDES NEURAIS ARTIFICIAIS,"4,3","3,2","2,4",,,,"3,3",15,RN
30,DC/CCN031,ARQUITETURA DE COMPUTADORES,"3,3","9,1","9,6",,,,"0,0",16,RF
30,DC/CCN032 ,COMPUTAÇÃO GRÁFICA,"1,1","5,2","6,5",,,"4,8","4,6",5,RN
30,DFIL/CCHL009,INTRODUÇÃO À METODOLOGIA CIENTÍFICA,"2,9","3,2","9,5",,,,"0,0",20,RF
30,DC/CCN081,VISÃO COMPUTACIONAL,"4,0","8,6","8,8",,,,"7,1",4,AM
30,DC/CCN033,SISTEMAS OPERACIONAIS,"9,0","3,1","6,2",,,"3,9","5,0",6,RN
30,DC/CCN030,TEORIA DA COMPUTAÇÃO,"4,0","4,7","1,3",,,,"3,3",5,RN
30,DC/CCN046 ,TRABALHO DE CONCLUSÃO DE CURSO I - TCC I,"8,3","8,4","9,5",,,,"0,0",25,RF
30,DC/CCN061,PROCESSAMENTO DE LINGUAGEM NATURAL,"8,4","9,9","7,1",,,,"8,5",10,AM
30,DMAT/CCN035,MATEMÁTICA DISCRETA,"7,9","8,1","5,7",,,,"7,2",11,AM
30,DC/CCN044,ENGENHARIA DE SOFTWARE II,"3,7","8,5","4,0",,,"9,4","7,4",4,AM
30,DC/CCN058 ,SISTEMAS EMBARCADOS,"5,3","7,2","5,9",,,"6,9","6,5",15,AM
30,DC/CCN029,CIRCUITOS DIGITAIS,"6,5","7,2","4,2",,,"5,4","5,7",10,RN
30,DC/CCN028,TEORIA E APLICAÇÕES EM GRAFOS,"5,1","7,9","8,2",,,,"7,1",2,AM
30,DMAT/CCN039,MÉTODOS NUMÉRICOS,"5,8","8,6","8,8",,,,"0,0",18,RF
31,DC/CCN049,TRABALHO DE CONCLUSÃO DE CURSO II - TCC II,10.0,10.0,10.0,,,,10.0,0,AM
31,DC/CCN058,SISTEMAS EMBARCADOS,8.0,10.0,5.0,,,,7.7,14,AM
31,DC/CCN071,TÓPICOS EM ENGENHARIA DE SOFTWARE,9.0,8.5,9.0,,,,8.8,0,AM
31,DC/CCN049,TRABALHO DE CONCLUSÃO DE CURSO II - TCC II,9.5,9.5,9.5,,,,9.5,0,AM
31,DC/CCN068,TÓPICOS EM ARQUITETURA DE COMPUTADORES,7.5,7.5,7.5,,,,7.5,0,AM
31,DC/CCN070,TÓPICOS EM COMPUTAÇÃO APLICADA,9.2,7.5,9.0,,,,8.6,0,AM
31,DC/CCN074,TÓPICOS EM REDES DE COMPUTADORES,9.6,10.0,10.0,,,,9.9,12,AM
31,DC/CCN050,EMPREENDEDORISMO,9.2,9.5,10.0,,,,9.6,0,AM
31,DC/CCN048,PROGRAMAÇÃO FUNCIONAL,7.5,5.0,9.3,,,5.0,7.3,8,AM
31,DC/CCN067,TÓPICOS EM BIOINFORMÁTICA,8.0,10.0,7.0,,,,8.3,8,AM
31,DC/CCN047,ESTÁGIO SUPERVISIONADO,9.5,9.5,9.5,9.5,9.5,,9.5,0,AM
31,DC/CCN067,TÓPICOS EM BIOINFORMÁTICA,8.3,7.0,2.0,,,5.0,5.4,14,AM
31,DC/CCN046,TRABALHO DE CONCLUSÃO DE CURSO I - TCC I,10.0,10.0,10.0,,,,10.0,0,AM
31,DC/CCN041,INTELIGÊNCIA ARTIFICIAL,6.6,6.0,9.8,,,,7.5,12,AM
31,DC/CCN037,PROCESSAMENTO DIGITAL DE IMAGENS,8.5,8.7,6.3,,,,7.8,8,AM
31,DC/CCN034,PROGRAMAÇÃO LINEAR,8.5,7.5,10.0,,,,8.7,0,AM
31,DEFE/CCE007,"RELAÇÕES ÉTNICO-RACIAIS, GÊNERO E DIVERSIDADE",9.5,9.5,9.5,,,,9.5,0,AM
31,DC/CCN045,BANCOS DE DADOS RELACIONAIS,10.0,10.0,8.5,,,,9.5,2,AM
31,DC/CCN042,COMPILADORES,8.5,9.0,7.8,,,,8.4,6,AM
31,DC/CCN032,COMPUTAÇÃO GRÁFICA,9.0,8.2,10.0,,,,9.1,4,AM
31,DC/CCN044,ENGENHARIA DE SOFTWARE II,10.0,7.5,8.3,,,,8.6,6,AM
31,DC/CCN043,LINGUAGENS DE PROGRAMAÇÃO,8.0,5.3,8.0,,,,7.1,8,AM
31,DC/CCN040,SEGURANÇA EM SISTEMAS,7.3,5.2,8.4,,,,7.0,4,AM
31,DC/CCN038,SISTEMAS DISTRIBUÍDOS,5.8,5.7,8.5,,,,6.7,4,AM
31,DMAT/CCN034,ÁLGEBRA LINEAR,8.7,10.0,7.5,,,,8.7,0,AM
31,DC/CCN039,ENGENHARIA DE SOFTWARE I,6.5,6.5,10.0,,,,7.7,8,AM
31,CGBEST/CCN013,PROBABILIDADE E ESTATÍSTICA,10.0,10.0,9.9,,,,10.0,0,AM
31,DC/CCN036,PROJETO E ANÁLISE DE ALGORITMOS,6.5,9.7,8.8,,,,8.3,12,AM
31,DC/CCN035,REDES DE COMPUTADORES,9.5,7.2,9.2,,,,8.6,4,AM
31,DC/CCN033,SISTEMAS OPERACIONAIS,9.5,7.7,6.6,,,,7.9,14,AM
31,DC/CCN030,TEORIA DA COMPUTAÇÃO,5.4,8.6,8.5,,,,7.5,6,AM
31,DC/CCN031,ARQUITETURA DE COMPUTADORES,8.0,6.5,8.0,,,,7.5,0,AM
31,DC/CCN025,BANCO DE DADOS,10.0,10.0,10.0,,,,10.0,0,AM
31,DMAT/CCN033,CÁLCULO DIFERENCIAL E INTEGRAL II,9.9,5.5,10.0,,,,9.1,0,AM
31,DC/CCN027,INTERFACE HUMANO COMPUTADOR,7.9,8.2,9.5,,,,8.5,12,AM
31,CGBEST/CCN013,PROBABILIDADE E ESTATÍSTICA,6.9,4.9,7.1,,,5.0,6.0,14,AM
31,DC/CCN028,TEORIA E APLICAÇÕES EM GRAFOS,10.0,6.5,9.5,,,,8.7,0,AM
31,DMAT/CCN032,CÁLCULO DIFERENCIAL E INTEGRAL I,10.0,9.6,6.9,,,,8.8,0,AM
31,DC/CCN029,CIRCUITOS DIGITAIS,10.0,5.5,10.0,,,,8.5,0,AM
31,DC/CCN022,ESTRUTURAS DE DADOS,8.5,9.6,7.5,,,,8.5,13,AM
31,DC/CCN024,LABORATÓRIO DE PROGRAMAÇÃO,10.0,9.8,8.8,,,,9.5,8,AM
31,DMAT/CCN035,MATEMÁTICA DISCRETA,7.5,7.5,7.5,,,,7.5,0,AM
31,DC/CCN023,PROGRAMAÇÃO ORIENTADA A OBJETOS,9.5,9.0,10.0,,,,9.5,0,AM
31,DMAT/CCN032,CÁLCULO DIFERENCIAL E INTEGRAL I,7.5,5.0,9.5,,,,7.3,0,AM
31,DC/CCN021,INFORMÁTICA E SOCIEDADE,9.0,8.5,8.5,,,,8.7,2,AM
31,CLE/CCHL002,INGLÊS TÉCNICO E CIENTÍFICO,7.5,8.5,8.6,,,,8.2,0,AM
31,DC/CCN019,INTRODUÇÃO À LÓGICA,8.5,9.5,8.4,,,,8.8,11,AM
31,DFIL/CCHL009,INTRODUÇÃO À METODOLOGIA CIENTÍFICA,9.5,9.5,7.5,,,,8.8,8,AM
31,DC/CCN026,PROGRAMAÇÃO ESTRUTURADA,7.8,5.5,7.7,,,5.0,6.3,10,AM
32,DC/CCN049,TRABALHO DE CONCLUSÃO DE CURSO II - TCC II,10.0,10.0,10.0,,,,10.0,0,AM
32,DC/CCN058,SISTEMAS EMBARCADOS,3.0,2.0,1.0,,,,2.0,14,RN
32,DC/CCN058,SISTEMAS EMBARCADOS,8.0,8.5,7.5,,,,8.0,14,AM
32,DC/CCN071,TÓPICOS EM ENGENHARIA DE SOFTWARE,8.5,8.0,8.5,,,,8.3,0,AM
32,DC/CCN049,TRABALHO DE CONCLUSÃO DE CURSO II - TCC II,9.0,9.0,9.0,,,,9.0,0,AM
32,DC/CCN068,TÓPICOS EM ARQUITETURA DE COMPUTADORES,7.0,7.0,7.0,,,,7.0,0,AM
32,DC/CCN070,TÓPICOS EM COMPUTAÇÃO APLICADA,9.2,7.5,9.0,,,,8.6,0,AM
32,DC/CCN074,TÓPICOS EM REDES DE COMPUTADORES,9.6,10.0,10.0,,,,9.9,12,AM
32,DC/CCN050,EMPREENDEDORISMO,8.7,9.0,9.5,,,,9.1,0,AM
32,DC/CCN048,PROGRAMAÇÃO FUNCIONAL,5.5,3.0,9.3,,,5.0,6.3,8,AM
32,DC/CCN067,TÓPICOS EM BIOINFORMÁTICA,6.0,10.0,7.0,,,,7.7,8,AM
32,DC/CCN047,ESTÁGIO SUPERVISIONADO,9.5,9.5,9.5,9.5,9.5,,9.5,0,AM
32,DC/CCN067,TÓPICOS EM BIOINFORMÁTICA,8.3,7.0,0.0,,,5.0,5.4,14,AM
32,DC/CCN046,TRABALHO DE CONCLUSÃO DE CURSO I - TCC I,10.0,10.0,10.0,,,,10.0,0,AM
32,DC/CCN041,INTELIGÊNCIA ARTIFICIAL,6.1,5.5,9.3,,,,7.0,12,AM
32,DC/CCN037,PROCESSAMENTO DIGITAL DE IMAGENS,8.0,8.2,5.8,,,,7.3,8,AM
32,DC/CCN034,PROGRAMAÇÃO LINEAR,6.0,7.0,10.0,,,,7.7,0,AM
32,DEFE/CCE007,"RELAÇÕES ÉTNICO-RACIAIS, GÊNERO E DIVERSIDADE",9.0,9.0,9.0,,,,9.0,0,AM
32,DC/CCN045,BANCOS DE DADOS RELACIONAIS,10.0,10.0,8.0,,,,9.3,2,AM
32,DC/CCN042,COMPILADORES,8.0,6.5,7.3,,,,7.3,6,AM
32,DC/CCN032,COMPUTAÇÃO GRÁFICA,8.5,7.7,9.9,,,,8.7,4,AM
32,DC/CCN044,ENGENHARIA DE SOFTWARE II,9.6,7.0,7.8,,,,8.1,6,AM
32,DC/CCN043,LINGUAGENS DE PROGRAMAÇÃO,7.5,4.8,7.5,,,5.0,6.3,8,AM
32,DC/CCN043,LINGUAGENS DE PROGRAMAÇÃO,8.0,8.0,8.0,,,,8.0,8,AM
32,DC/CCN040,SEGURANÇA EM SISTEMAS,6.8,4.7,7.9,,,5.0,6.2,4,AM
32,DC/CCN038,SISTEMAS DISTRIBUÍDOS,5.3,5.2,8.0,,,5.0,6.1,4,AM
32,DMAT/CCN034,ÁLGEBRA LINEAR,8.2,9.6,7.0,,,,8.3,0,AM
32,DC/CCN039,ENGENHARIA DE SOFTWARE I,6.0,6.0,10.0,,,,7.3,8,AM
32,CGBEST/CCN013,PROBABILIDADE E ESTATÍSTICA,10.0,9.9,9.4,,,,9.8,0,AM
32,DC/CCN036,PROJETO E ANÁLISE DE ALGORITMOS,6.0,9.2,8.3,,,,7.8,12,AM
32,DC/CCN035,REDES DE COMPUTADORES,9.0,6.7,8.7,,,,8.1,4,AM
32,DC/CCN033,SISTEMAS OPERACIONAIS,9.0,7.2,6.1,,,,7.4,14,AM
32,DC/CCN030,TEORIA DA COMPUTAÇÃO,4.9,8.1,8.0,,,,7.0,6,AM
32,DC/CCN031,ARQUITETURA DE COMPUTADORES,7.5,6.0,7.5,,,,7.0,0,AM
32,DC/CCN025,BANCO DE DADOS,10.0,9.5,10.0,,,,9.8,0,AM
32,DMAT/CCN033,CÁLCULO DIFERENCIAL E INTEGRAL II,9.4,5.0,10.0,,,,8.1,0,AM
32,DC/CCN027,INTERFACE HUMANO COMPUTADOR,7.4,7.7,9.0,,,,8.0,12,AM
32,CGBEST/CCN013,PROBABILIDADE E ESTATÍSTICA,6.4,4.4,6.6,,,5.0,5.7,14,AM
32,DC/CCN028,TEORIA E APLICAÇÕES EM GRAFOS,10.0,6.0,9.0,,,,8.3,0,AM
32,DMAT/CCN032,CÁLCULO DIFERENCIAL E INTEGRAL I,9.8,9.1,6.4,,,,8.4,0,AM
32,DC/CCN029,CIRCUITOS DIGITAIS,9.5,3.0,10.0,,,,7.5,0,AM
32,DC/CCN022,ESTRUTURAS DE DADOS,8.0,9.1,7.0,,,,8.0,13,AM
32,DC/CCN024,LABORATÓRIO DE PROGRAMAÇÃO,10.0,9.3,8.3,,,,9.2,8,AM
32,DMAT/CCN035,MATEMÁTICA DISCRETA,7.0,7.0,7.0,,,,7.0,0,AM
32,DC/CCN023,PROGRAMAÇÃO ORIENTADA A OBJETOS,9.0,8.5,10.0,,,,9.2,0,AM
32,DMAT/CCN032,CÁLCULO DIFERENCIAL E INTEGRAL I,7.0,3.0,9.0,,,5.0,7.0,0,AM
32,DC/CCN021,INFORMÁTICA E SOCIEDADE,8.5,6.0,8.0,,,,7.5,2,AM
32,CLE/CCHL002,INGLÊS TÉCNICO E CIENTÍFICO,7.0,8.0,8.1,,,,7.7,0,AM
32,DC/CCN019,INTRODUÇÃO À LÓGICA,6.0,9.0,5.9,,,,7.0,11,AM
32,DFIL/CCHL009,INTRODUÇÃO À METODOLOGIA CIENTÍFICA,9.0,9.0,7.0,,,,8.3,8,AM
32,DC/CCN026,PROGRAMAÇÃO ESTRUTURADA,5.3,3.0,7.2,,,5.0,6.3,10,AM
33,DC/CCN049,TRABALHO DE CONCLUSÃO DE CURSO II - TCC II,10.0,10.0,10.0,,,,10.0,0,AM
33,DC/CCN058,SISTEMAS EMBARCADOS,8.0,10.0,5.0,,,,7.7,14,AM
33,DC/CCN071,TÓPICOS EM ENGENHARIA DE SOFTWARE,8.5,8.0,8.5,,,,8.3,0,AM
33,DC/CCN049,TRABLO DE CONCLUSÃO DE CURSO II - TCC II,10.0,10.0,10.0,,,,10.0,16,RF
33,DC/CCN049,TRABLO DE CONCLUSÃO DE CURSO II - TCC II,10.0,10.0,10.0,,,,10.0,0,AM
33,DC/CCN068,TÓPICOS EM ARQUITETURA DE COMPUTADORES,7.0,7.0,7.0,,,,7.0,0,AM
33,DC/CCN070,TÓPICOS EM COMPUTAÇÃO APLICADA,9.2,7.5,9.0,,,,8.6,0,AM
33,DC/CCN074,TÓPICOS EM REDES DE COMPUTADORES,9.6,10.0,10.0,,,,9.9,12,AM
33,DC/CCN050,EMPREENDEDORISMO,8.7,9.0,9.5,,,,9.1,0,AM
33,DC/CCN048,PROGRAMAÇÃO FUNCIONAL,5.5,3.0,9.3,,,5.0,6.3,8,AM
33,DC/CCN067,TÓPICOS EM BIOINFORMÁTICA,6.0,10.0,7.0,,,,7.7,8,AM
33,DC/CCN047,ESTÁGIO SUPERVISIONADO,9.5,9.5,9.5,9.5,9.5,,9.5,0,AM
33,DC/CCN067,TÓPICOS EM BIOINFORMÁTICA,8.3,7.0,0.0,,,5.0,5.4,14,AM
33,DC/CCN046,TRABALHO DE CONCLUSÃO DE CURSO I - TCC I,10.0,10.0,10.0,,,,10.0,0,AM
33,DC/CCN041,INTELIGÊNCIA ARTIFICIAL,6.1,5.5,9.3,,,,7.0,12,AM
33,DC/CCN037,PROCESSAMENTO DIGITAL DE IMAGENS,8.0,8.2,5.8,,,,7.3,8,AM
33,DC/CCN034,PROGRAMAÇÃO LINEAR,6.0,7.0,10.0,,,,7.7,0,AM
33,DEFE/CCE007,"RELAÇÕES ÉTNICO-RACIAIS, GÊNERO E DIVERSIDADE",9.0,9.0,9.0,,,,9.0,0,AM
33,DC/CCN045,BANCOS DE DADOS RELACIONAIS,10.0,10.0,8.0,,,,9.3,2,AM
33,DC/CCN042,COMPILADORES,8.0,6.5,7.3,,,,7.3,6,AM
33,DC/CCN032,COMPUTAÇÃO GRÁFICA,8.5,7.7,9.9,,,,8.7,4,AM
33,DC/CCN044,ENGENHARIA DE SOFTWARE II,9.6,7.0,7.8,,,,8.1,6,AM
33,DC/CCN043,LINGUAGENS DE PROGRAMAÇÃO,7.5,4.8,7.5,,,5.0,6.3,8,AM
33,DC/CCN043,LINGUAGENS DE PROGRAMAÇÃO,8.0,8.0,8.0,,,,8.0,8,AM
33,DC/CCN040,SEGURANÇA EM SISTEMAS,6.8,4.7,7.9,,,5.0,6.2,4,AM
33,DC/CCN038,SISTEMAS DISTRIBUÍDOS,5.3,5.2,8.0,,,5.0,6.1,4,AM
33,DMAT/CCN034,ÁLGEBRA LINEAR,8.2,9.6,7.0,,,,8.3,0,AM
33,DC/CCN039,ENGENHARIA DE SOFTWARE I,6.0,6.0,10.0,,,,7.3,8,AM
33,CGBEST/CCN013,PROBABILIDADE E ESTATÍSTICA,10.0,9.9,9.4,,,,9.8,0,AM
33,DC/CCN036,PROJETO E ANÁLISE DE ALGORITMOS,6.0,9.2,8.3,,,,7.8,12,AM
33,DC/CCN035,REDES DE COMPUTADORES,9.0,6.7,8.7,,,,8.1,4,AM
33,DC/CCN033,SISTEMAS OPERACIONAIS,9.0,7.2,6.1,,,,7.4,14,AM
33,DC/CCN030,TEORIA DA COMPUTAÇÃO,4.9,8.1,8.0,,,,7.0,6,AM
33,DC/CCN031,ARQUITETURA DE COMPUTADORES,7.5,6.0,7.5,,,,7.0,0,AM
33,DC/CCN025,BANCO DE DADOS,10.0,9.5,10.0,,,,9.8,0,AM
33,DMAT/CCN033,CÁLCULO DIFERENCIAL E INTEGRAL II,9.4,5.0,10.0,,,,8.1,0,AM
33,DC/CCN027,INTERFACE HUMANO COMPUTADOR,7.4,7.7,9.0,,,,8.0,12,AM
33,CGBEST/CCN013,PROBABILIDADE E ESTATÍSTICA,6.4,4.4,6.6,,,5.0,5.7,14,AM
33,DC/CCN028,TEORIA E APLICAÇÕES EM GRAFOS,10.0,6.0,9.0,,,,8.3,0,AM
33,DMAT/CCN032,CÁLCULO DIFERENCIAL E INTEGRAL I,9.8,9.1,6.4,,,,8.4,0,AM
33,DC/CCN029,CIRCUITOS DIGITAIS,9.5,3.0,10.0,,,,7.5,0,AM
33,DC/CCN022,ESTRUTURAS DE DADOS,8.0,9.1,7.0,,,,8.0,13,AM
33,DC/CCN024,LABORATÓRIO DE PROGRAMAÇÃO,10.0,9.3,8.3,,,,9.2,8,AM
33,DMAT/CCN035,MATEMÁTICA DISCRETA,7.0,7.0,7.0,,,,7.0,0,AM
33,DC/CCN023,PROGRAMAÇÃO ORIENTADA A OBJETOS,9.0,8.5,10.0,,,,9.2,0,AM
33,DMAT/CCN032,CÁLCULO DIFERENCIAL E INTEGRAL I,7.0,3.0,9.0,,,5.0,7.0,0,AM
33,DC/CCN021,INFORMÁTICA E SOCIEDADE,8.5,6.0,8.0,,,,7.5,2,AM
33,CLE/CCHL002,INGLÊS TÉCNICO E CIENTÍFICO,7.0,8.0,8.1,,,,7.7,0,AM
33,DC/CCN019,INTRODUÇÃO À LÓGICA,6.0,9.0,5.9,,,,7.0,11,AM
33,DFIL/CCHL009,INTRODUÇÃO À METODOLOGIA CIENTÍFICA,9.0,9.0,7.0,,,,8.3,8,AM
33,DC/CCN026,PROGRAMAÇÃO ESTRUTURADA,5.3,3.0,7.2,,,5.0,6.3,10,AM
34,DC/CCN049,TRABALHO DE CONCLUSÃO DE CURSO II - TCC II,10.0,10.0,10.0,,,,10.0,0,AM
34,DC/CCN058,SISTEMAS EMBARCADOS,8.0,10.0,5.0,,,,7.7,14,AM
34,DC/CCN071,TÓPICOS EM ENGENHARIA DE SOFTWARE,8.5,8.0,8.5,,,,8.3,0,AM
34,DC/CCN049,TRABALHO DE CONCLUSÃO DE CURSO II - TCC II,9.0,9.0,9.0,,,,9.0,0,AM
34,DC/CCN068,TÓPICOS EM ARQUITETURA DE COMPUTADORES,7.0,7.0,7.0,,,,7.0,0,AM
34,DC/CCN070,TÓPICOS EM COMPUTAÇÃO APLICADA,9.2,7.5,9.0,,,,8.6,0,AM
34,DC/CCN074,TÓPICOS EM REDES DE COMPUTADORES,9.6,10.0,10.0,,,,9.9,12,AM
34,DC/CCN050,EMPREENDEDORISMO,8.7,9.0,9.5,,,,9.1,0,AM
34,DC/CCN048,PROGRAMAÇÃO FUNCIONAL,5.5,3.0,9.3,,,5.0,6.3,8,AM
34,DC/CCN067,TÓPICOS EM BIOINFORMÁTICA,6.0,10.0,7.0,,,,7.7,8,AM
34,DC/CCN047,ESTÁGIO SUPERVISIONADO,9.5,9.5,9.5,9.5,9.5,,9.5,0,AM
34,DC/CCN067,TÓPICOS EM BIOINFORMÁTICA,8.3,7.0,0.0,,,5.0,5.4,14,AM
34,DC/CCN046,TRABALHO DE CONCLUSÃO DE CURSO I - TCC I,10.0,10.0,10.0,,,,10.0,0,AM
34,DC/CCN041,INTELIGÊNCIA ARTIFICIAL,6.1,5.5,9.3,,,,7.0,12,AM
34,DC/CCN037,PROCESSAMENTO DIGITAL DE IMAGENS,8.0,8.2,5.8,,,,7.3,8,AM
34,DC/CCN034,PROGRAMAÇÃO LINEAR,6.0,7.0,10.0,,,,7.7,0,AM
34,DEFE/CCE007,"RELAÇÕES ÉTNICO-RACIAIS, GÊNERO E DIVERSIDADE",9.0,9.0,9.0,,,,9.0,0,AM
34,DC/CCN045,BANCOS DE DADOS RELACIONAIS,10.0,10.0,8.0,,,,9.3,2,AM
34,DC/CCN042,COMPILADORES,8.0,6.5,7.3,,,,7.3,6,AM
34,DC/CCN032,COMPUTAÇÃO GRÁFICA,8.5,7.7,9.9,,,,8.7,4,AM
34,DC/CCN044,ENGENHARIA DE SOFTWARE II,9.6,7.0,7.8,,,,8.1,6,AM
34,DC/CCN043,LINGUAGENS DE PROGRAMAÇÃO,7.5,4.8,7.5,,,5.0,6.3,8,AM
34,DC/CCN043,LINGUAGENS DE PROGRAMAÇÃO,8.0,8.0,8.0,,,,8.0,8,AM
34,DC/CCN040,SEGURANÇA EM SISTEMAS,6.8,4.7,7.9,,,5.0,6.2,4,AM
34,DC/CCN038,SISTEMAS DISTRIBUÍDOS,5.3,5.2,8.0,,,5.0,6.1,4,AM
34,DMAT/CCN034,ÁLGEBRA LINEAR,8.2,9.6,7.0,,,,8.3,0,AM
34,DC/CCN039,ENGENHARIA DE SOFTWARE I,6.0,6.0,10.0,,,,7.3,8,AM
34,CGBEST/CCN013,PROBABILIDADE E ESTATÍSTICA,10.0,9.9,9.4,,,,9.8,0,AM
34,DC/CCN036,PROJETO E ANÁLISE DE ALGORITMOS,6.0,9.2,8.3,,,,7.8,12,AM
34,DC/CCN035,REDES DE COMPUTADORES,9.0,6.7,8.7,,,,8.1,4,AM
34,DC/CCN033,SISTEMAS OPERACIONAIS,9.0,7.2,6.1,,,,7.4,14,AM
34,DC/CCN030,TEORIA DA COMPUTAÇÃO,4.9,8.1,8.0,,,,7.0,6,AM
34,DC/CCN031,ARQUITETURA DE COMPUTADORES,7.5,6.0,7.5,,,,7.0,0,AM
34,DC/CCN025,BANCO DE DADOS,10.0,9.5,10.0,,,,9.8,0,AM
34,DMAT/CCN033,CÁLCULO DIFERENCIAL E INTEGRAL II,9.4,5.0,10.0,,,,8.1,0,AM
34,DC/CCN027,INTERFACE HUMANO COMPUTADOR,7.4,7.7,9.0,,,,8.0,12,AM
34,CGBEST/CCN013,PROBABILIDADE E ESTATÍSTICA,6.4,4.4,6.6,,,5.0,5.7,14,AM
34,DC/CCN028,TEORIA E APLICAÇÕES EM GRAFOS,10.0,6.0,9.0,,,,8.3,0,AM
34,DMAT/CCN032,CÁLCULO DIFERENCIAL E INTEGRAL I,9.8,9.1,6.4,,,,8.4,0,AM
34,DC/CCN029,CIRCUITOS DIGITAIS,9.5,3.0,10.0,,,,7.5,0,AM
34,DC/CCN022,ESTRUTURAS DE DADOS,8.0,9.1,7.0,,,,8.0,13,AM
34,DC/CCN024,LABORATÓRIO DE PROGRAMAÇÃO,10.0,9.3,8.3,,,,9.2,8,AM
34,DMAT/CCN035,MATEMÁTICA DISCRETA,7.0,7.0,7.0,,,,7.0,0,AM
34,DC/CCN023,PROGRAMAÇÃO ORIENTADA A OBJETOS,9.0,8.5,10.0,,,,9.2,0,AM
34,DMAT/CCN032,CÁLCULO DIFERENCIAL E INTEGRAL I,7.0,3.0,9.0,,,5.0,7.0,0,AM
34,DC/CCN021,INFORMÁTICA E SOCIEDADE,8.5,6.0,8.0,,,,7.5,2,AM
34,CLE/CCHL002,INGLÊS TÉCNICO E CIENTÍFICO,7.0,8.0,8.1,,,,7.7,0,AM
34,DC/CCN019,INTRODUÇÃO À LÓGICA,6.0,9.0,5.9,,,,7.0,11,AM
34,DFIL/CCHL009,INTRODUÇÃO À METODOLOGIA CIENTÍFICA,9.0,9.0,7.0,,,,8.3,8,AM
34,DC/CCN026,PROGRAMAÇÃO ESTRUTURADA,5.3,3.0,7.2,,,5.0,6.3,10,AM
35,DC/CCN049,TRABALHO DE CONCLUSÃO DE CURSO II - TCC II,10.0,10.0,10.0,,,,10.0,0,AM
35,DC/CCN058,SISTEMAS EMBARCADOS,8.0,10.0,5.0,,,,7.7,14,AM
35,DC/CCN071,TÓPICOS EM ENGENHARIA DE SOFTWARE,8.5,8.0,8.5,,,,8.3,0,AM
35,DC/CCN049,TRABALHO DE CONCLUSÃO DE CURSO II - TCC II,9.0,9.0,9.0,,,,9.0,0,AM
35,DC/CCN068,TÓPICOS EM ARQUITETURA DE COMPUTADORES,7.0,7.0,7.0,,,,7.0,0,AM
35,DC/CCN070,TÓPICOS EM COMPUTAÇÃO APLICADA,9.2,7.5,9.0,,,,8.6,0,AM
35,DC/CCN074,TÓPICOS EM REDES DE COMPUTADORES,9.6,10.0,10.0,,,,9.9,12,AM
35,DC/CCN050,EMPREENDEDORISMO,8.7,9.0,9.5,,,,9.1,0,AM
35,DC/CCN048,PROGRAMAÇÃO FUNCIONAL,5.5,3.0,9.3,,,5.0,6.3,8,AM
35,DC/CCN067,TÓPICOS EM BIOINFORMÁTICA,6.0,10.0,7.0,,,,7.7,8,AM
35,DC/CCN047,ESTÁGIO SUPERVISIONADO,9.5,9.5,9.5,9.5,9.5,,9.5,0,AM
35,DC/CCN067,TÓPICOS EM BIOINFORMÁTICA,8.3,7.0,0.0,,,5.0,5.4,14,AM
35,DC/CCN046,TRABALHO DE CONCLUSÃO DE CURSO I - TCC I,10.0,10.0,10.0,,,,10.0,0,AM
35,DC/CCN041,INTELIGÊNCIA ARTIFICIAL,6.1,5.5,9.3,,,,7.0,12,AM
35,DC/CCN037,PROCESSAMENTO DIGITAL DE IMAGENS,8.0,8.2,5.8,,,,7.3,8,AM
35,DC/CCN034,PROGRAMAÇÃO LINEAR,6.0,7.0,10.0,,,,7.7,0,AM
35,DEFE/CCE007,"RELAÇÕES ÉTNICO-RACIAIS, GÊNERO E DIVERSIDADE",9.0,9.0,9.0,,,,9.0,0,AM
35,DC/CCN045,BANCOS DE DADOS RELACIONAIS,10.0,10.0,8.0,,,,9.3,2,AM
35,DC/CCN042,COMPILADORES,8.0,6.5,7.3,,,,7.3,6,AM
35,DC/CCN032,COMPUTAÇÃO GRÁFICA,8.5,7.7,9.9,,,,8.7,4,AM
35,DC/CCN044,ENGENHARIA DE SOFTWARE II,9.6,7.0,7.8,,,,8.1,6,AM
35,DC/CCN043,LINGUAGENS DE PROGRAMAÇÃO,7.5,4.8,7.5,,,5.0,6.3,8,AM
35,DC/CCN043,LINGUAGENS DE PROGRAMAÇÃO,8.0,8.0,8.0,,,,8.0,8,AM
35,DC/CCN040,SEGURANÇA EM SISTEMAS,6.8,4.7,7.9,,,5.0,6.2,4,AM
35,DC/CCN038,SISTEMAS DISTRIBUÍDOS,5.3,5.2,8.0,,,5.0,6.1,4,AM
35,DMAT/CCN034,ÁLGEBRA LINEAR,8.2,9.6,7.0,,,,8.3,0,AM
35,DC/CCN039,ENGENHARIA DE SOFTWARE I,6.0,6.0,10.0,,,,7.3,8,AM
35,CGBEST/CCN013,PROBABILIDADE E ESTATÍSTICA,10.0,9.9,9.4,,,,9.8,0,AM
35,DC/CCN036,PROJETO E ANÁLISE DE ALGORITMOS,6.0,9.2,8.3,,,,7.8,12,AM
35,DC/CCN035,REDES DE COMPUTADORES,9.0,6.7,8.7,,,,8.1,4,AM
35,DC/CCN033,SISTEMAS OPERACIONAIS,9.0,7.2,6.1,,,,7.4,14,AM
35,DC/CCN030,TEORIA DA COMPUTAÇÃO,4.9,8.1,8.0,,,,7.0,6,AM
35,DC/CCN031,ARQUITETURA DE COMPUTADORES,7.5,6.0,7.5,,,,7.0,0,AM
35,DC/CCN025,BANCO DE DADOS,10.0,9.5,10.0,,,,9.8,0,AM
35,DMAT/CCN033,CÁLCULO DIFERENCIAL E INTEGRAL II,9.4,5.0,10.0,,,,8.1,0,AM
35,DC/CCN027,INTERFACE HUMANO COMPUTADOR,7.4,7.7,9.0,,,,8.0,12,AM
35,CGBEST/CCN013,PROBABILIDADE E ESTATÍSTICA,6.4,4.4,6.6,,,5.0,5.7,14,AM
35,DC/CCN028,TEORIA E APLICAÇÕES EM GRAFOS,10.0,6.0,9.0,,,,8.3,0,AM
35,DMAT/CCN032,CÁLCULO DIFERENCIAL E INTEGRAL I,9.8,9.1,6.4,,,,8.4,0,AM
35,DC/CCN029,CIRCUITOS DIGITAIS,9.5,3.0,10.0,,,,7.5,0,AM
35,DC/CCN022,ESTRUTURAS DE DADOS,8.0,9.1,7.0,,,,8.0,13,AM
35,DC/CCN024,LABORATÓRIO DE PROGRAMAÇÃO,10.0,9.3,8.3,,,,9.2,8,AM
35,DMAT/CCN035,MATEMÁTICA DISCRETA,7.0,7.0,7.0,,,,7.0,0,AM
35,DC/CCN023,PROGRAMAÇÃO ORIENTADA A OBJETOS,9.0,8.5,10.0,,,,9.2,0,AM
35,DMAT/CCN032,CÁLCULO DIFERENCIAL E INTEGRAL I,7.0,3.0,9.0,,,5.0,7.0,0,AM
35,DC/CCN021,INFORMÁTICA E SOCIEDADE,8.5,6.0,8.0,,,,7.5,2,AM
35,CLE/CCHL002,INGLÊS TÉCNICO E CIENTÍFICO,7.0,8.0,8.1,,,,7.7,0,AM
35,DC/CCN019,INTRODUÇÃO À LÓGICA,6.0,9.0,5.9,,,,7.0,11,AM
35,DFIL/CCHL009,INTRODUÇÃO À METODOLOGIA CIENTÍFICA,9.0,9.0,7.0,,,,8.3,8,AM
35,DC/CCN026,PROGRAMAÇÃO ESTRUTURADA,5.3,3.0,7.2,,,5.0,6.3,10,AM
36,DC/CCN049,TRABALHO DE CONCLUSÃO DE CURSO II - TCC II,10.0,10.0,10.0,,,,10.0,0,AM
36,DC/CCN058,SISTEMAS EMBARCADOS,8.0,10.0,5.0,,,,7.7,14,AM
36,DC/CCN071,TÓPICOS EM ENGENHARIA DE SOFTWARE,8.5,8.0,8.5,,,,8.3,0,AM
36,DC/CCN049,TRABALHO DE CONCLUSÃO DE CURSO II - TCC II,9.0,9.0,9.0,,,,9.0,0,AM
36,DC/CCN068,TÓPICOS EM ARQUITETURA DE COMPUTADORES,7.0,7.0,7.0,,,,7.0,0,AM
36,DC/CCN070,TÓPICOS EM COMPUTAÇÃO APLICADA,9.2,7.5,9.0,,,,8.6,0,AM
36,DC/CCN074,TÓPICOS EM REDES DE COMPUTADORES,9.6,10.0,10.0,,,,9.9,12,AM
36,DC/CCN050,EMPREENDEDORISMO,8.7,9.0,9.5,,,,9.1,0,AM
36,DC/CCN048,PROGRAMAÇÃO FUNCIONAL,5.5,3.0,9.3,,,5.0,6.3,8,AM
36,DC/CCN067,TÓPICOS EM BIOINFORMÁTICA,6.0,10.0,7.0,,,,7.7,8,AM
36,DC/CCN047,ESTÁGIO SUPERVISIONADO,9.5,9.5,9.5,9.5,9.5,,9.5,0,AM
36,DC/CCN067,TÓPICOS EM BIOINFORMÁTICA,8.3,7.0,0.0,,,5.0,5.4,14,AM
36,DC/CCN046,TRABALHO DE CONCLUSÃO DE CURSO I - TCC I,10.0,10.0,10.0,,,,10.0,0,AM
36,DC/CCN041,INTELIGÊNCIA ARTIFICIAL,6.1,5.5,9.3,,,,7.0,12,AM
36,DC/CCN037,PROCESSAMENTO DIGITAL DE IMAGENS,8.0,8.2,5.8,,,,7.3,8,AM
36,DC/CCN034,PROGRAMAÇÃO LINEAR,6.0,7.0,10.0,,,,7.7,0,AM
36,DEFE/CCE007,"RELAÇÕES ÉTNICO-RACIAIS, GÊNERO E DIVERSIDADE",9.0,9.0,9.0,,,,9.0,0,AM
36,DC/CCN045,BANCOS DE DADOS RELACIONAIS,10.0,10.0,8.0,,,,9.3,2,AM
36,DC/CCN042,COMPILADORES,8.0,6.5,7.3,,,,7.3,6,AM
36,DC/CCN032,COMPUTAÇÃO GRÁFICA,8.5,7.7,9.9,,,,8.7,4,AM
36,DC/CCN044,ENGENHARIA DE SOFTWARE II,9.6,7.0,7.8,,,,8.1,6,AM
36,DC/CCN043,LINGUAGENS DE PROGRAMAÇÃO,7.5,4.8,7.5,,,5.0,6.3,8,AM
36,DC/CCN043,LINGUAGENS DE PROGRAMAÇÃO,8.0,8.0,8.0,,,,8.0,8,AM
36,DC/CCN040,SEGURANÇA EM SISTEMAS,6.8,4.7,7.9,,,5.0,6.2,4,AM
36,DC/CCN038,SISTEMAS DISTRIBUÍDOS,5.3,5.2,8.0,,,5.0,6.1,4,AM
36,DMAT/CCN034,ÁLGEBRA LINEAR,8.2,9.6,7.0,,,,8.3,0,AM
36,DC/CCN039,ENGENHARIA DE SOFTWARE I,6.0,6.0,10.0,,,,7.3,8,AM
36,CGBEST/CCN013,PROBABILIDADE E ESTATÍSTICA,10.0,9.9,9.4,,,,9.8,0,AM
36,DC/CCN036,PROJETO E ANÁLISE DE ALGORITMOS,6.0,9.2,8.3,,,,7.8,12,AM
36,DC/CCN035,REDES DE COMPUTADORES,9.0,6.7,8.7,,,,8.1,4,AM
36,DC/CCN033,SISTEMAS OPERACIONAIS,9.0,7.2,6.1,,,,7.4,14,AM
36,DC/CCN030,TEORIA DA COMPUTAÇÃO,4.9,8.1,8.0,,,,7.0,6,AM
36,DC/CCN031,ARQUITETURA DE COMPUTADORES,7.5,6.0,7.5,,,,7.0,0,AM
36,DC/CCN025,BANCO DE DADOS,10.0,9.5,10.0,,,,9.8,0,AM
36,DMAT/CCN033,CÁLCULO DIFERENCIAL E INTEGRAL II,9.4,5.0,10.0,,,,8.1,0,AM
36,DC/CCN027,INTERFACE HUMANO COMPUTADOR,7.4,7.7,9.0,,,,8.0,12,AM
36,CGBEST/CCN013,PROBABILIDADE E ESTATÍSTICA,6.4,4.4,6.6,,,5.0,5.7,14,AM
36,DC/CCN028,TEORIA E APLICAÇÕES EM GRAFOS,10.0,6.0,9.0,,,,8.3,0,AM
36,DMAT/CCN032,CÁLCULO DIFERENCIAL E INTEGRAL I,9.8,9.1,6.4,,,,8.4,0,AM
36,DC/CCN029,CIRCUITOS DIGITAIS,9.5,3.0,10.0,,,,7.5,0,AM
36,DC/CCN022,ESTRUTURAS DE DADOS,8.0,9.1,7.0,,,,8.0,13,AM
36,DC/CCN024,LABORATÓRIO DE PROGRAMAÇÃO,10.0,9.3,8.3,,,,9.2,8,AM
36,DMAT/CCN035,MATEMÁTICA DISCRETA,7.0,7.0,7.0,,,,7.0,0,AM
36,DC/CCN023,PROGRAMAÇÃO ORIENTADA A OBJETOS,9.0,8.5,10.0,,,,9.2,0,AM
36,DMAT/CCN032,CÁLCULO DIFERENCIAL E INTEGRAL I,7.0,3.0,9.0,,,5.0,7.0,0,AM
36,DC/CCN021,INFORMÁTICA E SOCIEDADE,8.5,6.0,8.0,,,,7.5,2,AM
36,CLE/CCHL002,INGLÊS TÉCNICO E CIENTÍFICO,7.0,8.0,8.1,,,,7.7,0,AM
36,DC/CCN019,INTRODUÇÃO À LÓGICA,6.0,9.0,5.9,,,,7.0,11,AM
36,DFIL/CCHL009,INTRODUÇÃO À METODOLOGIA CIENTÍFICA,9.0,9.0,7.0,,,,8.3,8,AM
36,DC/CCN026,PROGRAMAÇÃO ESTRUTURADA,5.3,3.0,7.2,,,5.0,6.3,10,AM
37,DC/CCN049,TRABALHO DE CONCLUSÃO DE CURSO II - TCC II,10.0,10.0,10.0,,,,10.0,0,AM
37,DC/CCN058,SISTEMAS EMBARCADOS,8.0,10.0,5.0,,,,7.7,14,AM
37,DC/CCN071,TÓPICOS EM ENGENHARIA DE SOFTWARE,8.5,8.0,8.5,,,,8.3,0,AM
37,DC/CCN049,TRABALHO DE CONCLUSÃO DE CURSO II - TCC II,9.0,9.0,9.0,,,,9.0,0,AM
37,DC/CCN068,TÓPICOS EM ARQUITETURA DE COMPUTADORES,7.0,7.0,7.0,,,,7.0,0,AM
37,DC/CCN070,TÓPICOS EM COMPUTAÇÃO APLICADA,9.2,7.5,9.0,,,,8.6,0,AM
37,DC/CCN074,TÓPICOS EM REDES DE COMPUTADORES,9.6,10.0,10.0,,,,9.9,12,AM
37,DC/CCN050,EMPREENDEDORISMO,8.7,9.0,9.5,,,,9.1,0,AM
37,DC/CCN048,PROGRAMAÇÃO FUNCIONAL,5.5,3.0,9.3,,,5.0,6.3,8,AM
37,DC/CCN067,TÓPICOS EM BIOINFORMÁTICA,6.0,10.0,7.0,,,,7.7,8,AM
37,DC/CCN047,ESTÁGIO SUPERVISIONADO,9.5,9.5,9.5,9.5,9.5,,9.5,0,AM
37,DC/CCN067,TÓPICOS EM BIOINFORMÁTICA,8.3,7.0,0.0,,,5.0,5.4,14,AM
37,DC/CCN046,TRABALHO DE CONCLUSÃO DE CURSO I - TCC I,10.0,10.0,10.0,,,,10.0,0,AM
37,DC/CCN041,INTELIGÊNCIA ARTIFICIAL,6.1,5.5,9.3,,,,7.0,12,AM
37,DC/CCN037,PROCESSAMENTO DIGITAL DE IMAGENS,8.0,8.2,5.8,,,,7.3,8,AM
37,DC/CCN034,PROGRAMAÇÃO LINEAR,6.0,7.0,10.0,,,,7.7,0,AM
37,DEFE/CCE007,"RELAÇÕES ÉTNICO-RACIAIS, GÊNERO E DIVERSIDADE",9.0,9.0,9.0,,,,9.0,0,AM
37,DC/CCN045,BANCOS DE DADOS RELACIONAIS,10.0,10.0,8.0,,,,9.3,2,AM
37,DC/CCN042,COMPILADORES,8.0,6.5,7.3,,,,7.3,6,AM
37,DC/CCN032,COMPUTAÇÃO GRÁFICA,8.5,7.7,9.9,,,,8.7,4,AM
37,DC/CCN044,ENGENHARIA DE SOFTWARE II,9.6,7.0,7.8,,,,8.1,6,AM
37,DC/CCN043,LINGUAGENS DE PROGRAMAÇÃO,7.5,4.8,7.5,,,5.0,6.3,8,AM
37,DC/CCN043,LINGUAGENS DE PROGRAMAÇÃO,8.0,8.0,8.0,,,,8.0,8,AM
37,DC/CCN040,SEGURANÇA EM SISTEMAS,6.8,4.7,7.9,,,5.0,6.2,4,AM
37,DC/CCN038,SISTEMAS DISTRIBUÍDOS,5.3,5.2,8.0,,,5.0,6.1,4,AM
37,DMAT/CCN034,ÁLGEBRA LINEAR,8.2,9.6,7.0,,,,8.3,0,AM
37,DC/CCN039,ENGENHARIA DE SOFTWARE I,6.0,6.0,10.0,,,,7.3,8,AM
37,CGBEST/CCN013,PROBABILIDADE E ESTATÍSTICA,10.0,9.9,9.4,,,,9.8,0,AM
37,DC/CCN036,PROJETO E ANÁLISE DE ALGORITMOS,6.0,9.2,8.3,,,,7.8,12,AM
37,DC/CCN035,REDES DE COMPUTADORES,9.0,6.7,8.7,,,,8.1,4,AM
37,DC/CCN033,SISTEMAS OPERACIONAIS,9.0,7.2,6.1,,,,7.4,14,AM
37,DC/CCN030,TEORIA DA COMPUTAÇÃO,4.9,8.1,8.0,,,,7.0,6,AM
37,DC/CCN031,ARQUITETURA DE COMPUTADORES,7.5,6.0,7.5,,,,7.0,0,AM
37,DC/CCN025,BANCO DE DADOS,10.0,9.5,10.0,,,,9.8,0,AM
37,DMAT/CCN033,CÁLCULO DIFERENCIAL E INTEGRAL II,9.4,5.0,10.0,,,,8.1,0,AM
37,DC/CCN027,INTERFACE HUMANO COMPUTADOR,7.4,7.7,9.0,,,,8.0,12,AM
37,CGBEST/CCN013,PROBABILIDADE E ESTATÍSTICA,6.4,4.4,6.6,,,5.0,5.7,14,AM
37,DC/CCN028,TEORIA E APLICAÇÕES EM GRAFOS,10.0,6.0,9.0,,,,8.3,0,AM
37,DMAT/CCN032,CÁLCULO DIFERENCIAL E INTEGRAL I,9.8,9.1,6.4,,,,8.4,0,AM
37,DC/CCN029,CIRCUITOS DIGITAIS,9.5,3.0,10.0,,,,7.5,0,AM
37,DC/CCN022,ESTRUTURAS DE DADOS,8.0,9.1,7.0,,,,8.0,13,AM
37,DC/CCN024,LABORATÓRIO DE PROGRAMAÇÃO,10.0,9.3,8.3,,,,9.2,8,AM
37,DMAT/CCN035,MATEMÁTICA DISCRETA,7.0,7.0,7.0,,,,7.0,0,AM
37,DC/CCN023,PROGRAMAÇÃO ORIENTADA A OBJETOS,9.0,8.5,10.0,,,,9.2,0,AM
37,DMAT/CCN032,CÁLCULO DIFERENCIAL E INTEGRAL I,7.0,3.0,9.0,,,5.0,7.0,0,AM
37,DC/CCN021,INFORMÁTICA E SOCIEDADE,8.5,6.0,8.0,,,,7.5,2,AM
37,CLE/CCHL002,INGLÊS TÉCNICO E CIENTÍFICO,7.0,8.0,8.1,,,,7.7,0,AM
37,DC/CCN019,INTRODUÇÃO À LÓGICA,6.0,9.0,5.9,,,,7.0,11,AM
37,DFIL/CCHL009,INTRODUÇÃO À METODOLOGIA CIENTÍFICA,9.0,9.0,7.0,,,,8.3,8,AM
37,DC/CCN026,PROGRAMAÇÃO ESTRUTURADA,5.3,3.0,7.2,,,5.0,6.3,10,AM
38,DC/CCN049,TRABALHO DE CONCLUSÃO DE CURSO II - TCC II,10.0,10.0,10.0,,,,10.0,0,AM
38,DC/CCN058,SISTEMAS EMBARCADOS,8.0,10.0,5.0,,,,7.7,14,AM
38,DC/CCN071,TÓPICOS EM ENGENHARIA DE SOFTWARE,8.5,8.0,8.5,,,,8.3,0,AM
38,DC/CCN049,TRABALHO DE CONCLUSÃO DE CURSO II - TCC II,9.0,9.0,9.0,,,,9.0,0,AM
38,DC/CCN068,TÓPICOS EM ARQUITETURA DE COMPUTADORES,7.0,7.0,7.0,,,,7.0,0,AM
38,DC/CCN070,TÓPICOS EM COMPUTAÇÃO APLICADA,9.2,7.5,9.0,,,,8.6,0,AM
38,DC/CCN074,TÓPICOS EM REDES DE COMPUTADORES,9.6,10.0,10.0,,,,9.9,12,AM
38,DC/CCN050,EMPREENDEDORISMO,8.7,9.0,9.5,,,,9.1,0,AM
38,DC/CCN048,PROGRAMAÇÃO FUNCIONAL,5.5,3.0,9.3,,,5.0,6.3,8,AM
38,DC/CCN067,TÓPICOS EM BIOINFORMÁTICA,6.0,10.0,7.0,,,,7.7,8,AM
38,DC/CCN047,ESTÁGIO SUPERVISIONADO,9.5,9.5,9.5,9.5,9.5,,9.5,0,AM
38,DC/CCN067,TÓPICOS EM BIOINFORMÁTICA,8.3,7.0,0.0,,,5.0,5.4,14,AM
38,DC/CCN046,TRABALHO DE CONCLUSÃO DE CURSO I - TCC I,10.0,10.0,10.0,,,,10.0,0,AM
38,DC/CCN041,INTELIGÊNCIA ARTIFICIAL,6.1,5.5,9.3,,,,7.0,12,AM
38,DC/CCN037,PROCESSAMENTO DIGITAL DE IMAGENS,8.0,8.2,5.8,,,,7.3,8,AM
38,DC/CCN034,PROGRAMAÇÃO LINEAR,6.0,7.0,10.0,,,,7.7,0,AM
38,DEFE/CCE007,"RELAÇÕES ÉTNICO-RACIAIS, GÊNERO E DIVERSIDADE",9.0,9.0,9.0,,,,9.0,0,AM
38,DC/CCN045,BANCOS DE DADOS RELACIONAIS,10.0,10.0,8.0,,,,9.3,2,AM
38,DC/CCN042,COMPILADORES,8.0,6.5,7.3,,,,7.3,6,AM
38,DC/CCN032,COMPUTAÇÃO GRÁFICA,8.5,7.7,9.9,,,,8.7,4,AM
38,DC/CCN044,ENGENHARIA DE SOFTWARE II,9.6,7.0,7.8,,,,8.1,6,AM
38,DC/CCN043,LINGUAGENS DE PROGRAMAÇÃO,7.5,4.8,7.5,,,5.0,6.3,8,AM
38,DC/CCN043,LINGUAGENS DE PROGRAMAÇÃO,8.0,8.0,8.0,,,,8.0,8,AM
38,DC/CCN040,SEGURANÇA EM SISTEMAS,6.8,4.7,7.9,,,5.0,6.2,4,AM
38,DC/CCN038,SISTEMAS DISTRIBUÍDOS,5.3,5.2,8.0,,,5.0,6.1,4,AM
38,DMAT/CCN034,ÁLGEBRA LINEAR,8.2,9.6,7.0,,,,8.3,0,AM
38,DC/CCN039,ENGENHARIA DE SOFTWARE I,6.0,6.0,10.0,,,,7.3,8,AM
38,CGBEST/CCN013,PROBABILIDADE E ESTATÍSTICA,10.0,9.9,9.4,,,,9.8,0,AM
38,DC/CCN036,PROJETO E ANÁLISE DE ALGORITMOS,6.0,9.2,8.3,,,,7.8,12,AM
38,DC/CCN035,REDES DE COMPUTADORES,9.0,6.7,8.7,,,,8.1,4,AM
38,DC/CCN033,SISTEMAS OPERACIONAIS,9.0,7.2,6.1,,,,7.4,14,AM
38,DC/CCN030,TEORIA DA COMPUTAÇÃO,4.9,8.1,8.0,,,,7.0,6,AM
38,DC/CCN031,ARQUITETURA DE COMPUTADORES,7.5,6.0,7.5,,,,7.0,0,AM
38,DC/CCN025,BANCO DE DADOS,10.0,9.5,10.0,,,,9.8,0,AM
38,DMAT/CCN033,CÁLCULO DIFERENCIAL E INTEGRAL II,9.4,5.0,10.0,,,,8.1,0,AM
38,DC/CCN027,INTERFACE HUMANO COMPUTADOR,7.4,7.7,9.0,,,,8.0,12,AM
38,CGBEST/CCN013,PROBABILIDADE E ESTATÍSTICA,6.4,4.4,6.6,,,5.0,5.7,14,AM
38,DC/CCN028,TEORIA E APLICAÇÕES EM GRAFOS,10.0,6.0,9.0,,,,8.3,0,AM
38,DMAT/CCN032,CÁLCULO DIFERENCIAL E INTEGRAL I,9.8,9.1,6.4,,,,8.4,0,AM
38,DC/CCN029,CIRCUITOS DIGITAIS,9.5,3.0,10.0,,,,7.5,0,AM
38,DC/CCN022,ESTRUTURAS DE DADOS,8.0,9.1,7.0,,,,8.0,13,AM
38,DC/CCN024,LABORATÓRIO DE PROGRAMAÇÃO,10.0,9.3,8.3,,,,9.2,8,AM
38,DMAT/CCN035,MATEMÁTICA DISCRETA,7.0,7.0,7.0,,,,7.0,0,AM
38,DC/CCN023,PROGRAMAÇÃO ORIENTADA A OBJETOS,9.0,8.5,10.0,,,,9.2,0,AM
38,DMAT/CCN032,CÁLCULO DIFERENCIAL E INTEGRAL I,7.0,3.0,9.0,,,5.0,7.0,0,AM
38,DC/CCN021,INFORMÁTICA E SOCIEDADE,8.5,6.0,8.0,,,,7.5,2,AM
38,CLE/CCHL002,INGLÊS TÉCNICO E CIENTÍFICO,7.0,8.0,8.1,,,,7.7,0,AM
38,DC/CCN019,INTRODUÇÃO À LÓGICA,6.0,9.0,5.9,,,,7.0,11,AM
38,DFIL/CCHL009,INTRODUÇÃO À METODOLOGIA CIENTÍFICA,9.0,9.0,7.0,,,,8.3,8,AM
38,DC/CCN026,PROGRAMAÇÃO ESTRUTURADA,5.3,3.0,7.2,,,5.0,6.3,10,AM
39,DC/CCN049,TRABALHO DE CONCLUSÃO DE CURSO II - TCC II,10.0,10.0,10.0,,,,10.0,0,AM
39,DC/CCN058,SISTEMAS EMBARCADOS,8.0,10.0,5.0,,,,7.7,14,AM
39,DC/CCN071,TÓPICOS EM ENGENHARIA DE SOFTWARE,8.5,8.0,8.5,,,,8.3,0,AM
39,DC/CCN049,TRABALHO DE CONCLUSÃO DE CURSO II - TCC II,9.0,9.0,9.0,,,,9.0,0,AM
39,DC/CCN068,TÓPICOS EM ARQUITETURA DE COMPUTADORES,7.0,7.0,7.0,,,,7.0,0,AM
39,DC/CCN070,TÓPICOS EM COMPUTAÇÃO APLICADA,9.2,7.5,9.0,,,,8.6,0,AM
39,DC/CCN074,TÓPICOS EM REDES DE COMPUTADORES,9.6,10.0,10.0,,,,9.9,12,AM
39,DC/CCN050,EMPREENDEDORISMO,8.7,9.0,9.5,,,,9.1,0,AM
39,DC/CCN048,PROGRAMAÇÃO FUNCIONAL,5.5,3.0,9.3,,,5.0,6.3,8,AM
39,DC/CCN067,TÓPICOS EM BIOINFORMÁTICA,6.0,10.0,7.0,,,,7.7,8,AM
39,DC/CCN047,ESTÁGIO SUPERVISIONADO,9.5,9.5,9.5,9.5,9.5,,9.5,0,AM
39,DC/CCN067,TÓPICOS EM BIOINFORMÁTICA,8.3,7.0,0.0,,,5.0,5.4,14,AM
39,DC/CCN046,TRABALHO DE CONCLUSÃO DE CURSO I - TCC I,10.0,10.0,10.0,,,,10.0,0,AM
39,DC/CCN041,INTELIGÊNCIA ARTIFICIAL,6.1,5.5,9.3,,,,7.0,12,AM
39,DC/CCN037,PROCESSAMENTO DIGITAL DE IMAGENS,8.0,8.2,5.8,,,,7.3,8,AM
39,DC/CCN034,PROGRAMAÇÃO LINEAR,6.0,7.0,10.0,,,,7.7,0,AM
39,DEFE/CCE007,"RELAÇÕES ÉTNICO-RACIAIS, GÊNERO E DIVERSIDADE",9.0,9.0,9.0,,,,9.0,0,AM
39,DC/CCN045,BANCOS DE DADOS RELACIONAIS,10.0,10.0,8.0,,,,9.3,2,AM
39,DC/CCN042,COMPILADORES,8.0,6.5,7.3,,,,7.3,6,AM
39,DC/CCN032,COMPUTAÇÃO GRÁFICA,8.5,7.7,9.9,,,,8.7,4,AM
39,DC/CCN044,ENGENHARIA DE SOFTWARE II,9.6,7.0,7.8,,,,8.1,6,AM
39,DC/CCN043,LINGUAGENS DE PROGRAMAÇÃO,7.5,4.8,7.5,,,5.0,6.3,8,AM
39,DC/CCN043,LINGUAGENS DE PROGRAMAÇÃO,8.0,8.0,8.0,,,,8.0,8,AM
39,DC/CCN040,SEGURANÇA EM SISTEMAS,6.8,4.7,7.9,,,5.0,6.2,4,AM
39,DC/CCN038,SISTEMAS DISTRIBUÍDOS,5.3,5.2,8.0,,,5.0,6.1,4,AM
39,DMAT/CCN034,ÁLGEBRA LINEAR,8.2,9.6,7.0,,,,8.3,0,AM
39,DC/CCN039,ENGENHARIA DE SOFTWARE I,6.0,6.0,10.0,,,,7.3,8,AM
39,CGBEST/CCN013,PROBABILIDADE E ESTATÍSTICA,10.0,9.9,9.4,,,,9.8,0,AM
39,DC/CCN036,PROJETO E ANÁLISE DE ALGORITMOS,6.0,9.2,8.3,,,,7.8,12,AM
39,DC/CCN035,REDES DE COMPUTADORES,9.0,6.7,8.7,,,,8.1,4,AM
39,DC/CCN033,SISTEMAS OPERACIONAIS,9.0,7.2,6.1,,,,7.4,14,AM
39,DC/CCN030,TEORIA DA COMPUTAÇÃO,4.9,8.1,8.0,,,,7.0,6,AM
39,DC/CCN031,ARQUITETURA DE COMPUTADORES,7.5,6.0,7.5,,,,7.0,0,AM
39,DC/CCN025,BANCO DE DADOS,10.0,9.5,10.0,,,,9.8,0,AM
39,DMAT/CCN033,CÁLCULO DIFERENCIAL E INTEGRAL II,9.4,5.0,10.0,,,,8.1,0,AM
39,DC/CCN027,INTERFACE HUMANO COMPUTADOR,7.4,7.7,9.0,,,,8.0,12,AM
39,CGBEST/CCN013,PROBABILIDADE E ESTATÍSTICA,6.4,4.4,6.6,,,5.0,5.7,14,AM
39,DC/CCN028,TEORIA E APLICAÇÕES EM GRAFOS,10.0,6.0,9.0,,,,8.3,0,AM
39,DMAT/CCN032,CÁLCULO DIFERENCIAL E INTEGRAL I,9.8,9.1,6.4,,,,8.4,0,AM
39,DC/CCN029,CIRCUITOS DIGITAIS,9.5,3.0,10.0,,,,7.5,0,AM
39,DC/CCN022,ESTRUTURAS DE DADOS,8.0,9.1,7.0,,,,8.0,13,AM
39,DC/CCN024,LABORATÓRIO DE PROGRAMAÇÃO,10.0,9.3,8.3,,,,9.2,8,AM
39,DMAT/CCN035,MATEMÁTICA DISCRETA,7.0,7.0,7.0,,,,7.0,0,AM
39,DC/CCN023,PROGRAMAÇÃO ORIENTADA A OBJETOS,9.0,8.5,10.0,,,,9.2,0,AM
39,DMAT/CCN032,CÁLCULO DIFERENCIAL E INTEGRAL I,7.0,3.0,9.0,,,5.0,7.0,0,AM
39,DC/CCN021,INFORMÁTICA E SOCIEDADE,8.5,6.0,8.0,,,,7.5,2,AM
39,CLE/CCHL002,INGLÊS TÉCNICO E CIENTÍFICO,7.0,8.0,8.1,,,,7.7,0,AM
39,DC/CCN019,INTRODUÇÃO À LÓGICA,6.0,9.0,5.9,,,,7.0,11,AM
39,DFIL/CCHL009,INTRODUÇÃO À METODOLOGIA CIENTÍFICA,9.0,9.0,7.0,,,,8.3,8,AM
39,DC/CCN026,PROGRAMAÇÃO ESTRUTURADA,5.3,3.0,7.2,,,5.0,6.3,10,AM
40,DC/CCN049,TRABALHO DE CONCLUSÃO DE CURSO II - TCC II,10.0,10.0,10.0,,,,10.0,0,AM
40,DC/CCN058,SISTEMAS EMBARCADOS,3.0,2.0,1.0,,,,2.0,14,RN
40,DC/CCN058,SISTEMAS EMBARCADOS,8.0,8.5,7.5,,,,8.0,14,AM
40,DC/CCN071,TÓPICOS EM ENGENHARIA DE SOFTWARE,8.5,8.0,8.5,,,,8.3,0,AM
40,DC/CCN049,TRABALHO DE CONCLUSÃO DE CURSO II - TCC II,9.0,9.0,9.0,,,,9.0,0,AM
40,DC/CCN068,TÓPICOS EM ARQUITETURA DE COMPUTADORES,7.0,7.0,7.0,,,,7.0,0,AM
40,DC/CCN070,TÓPICOS EM COMPUTAÇÃO APLICADA,9.2,7.5,9.0,,,,8.6,0,AM
40,DC/CCN074,TÓPICOS EM REDES DE COMPUTADORES,9.6,10.0,10.0,,,,9.9,12,AM
40,DC/CCN050,EMPREENDEDORISMO,8.7,9.0,9.5,,,,9.1,0,AM
40,DC/CCN048,PROGRAMAÇÃO FUNCIONAL,5.5,3.0,9.3,,,5.0,6.3,8,AM
40,DC/CCN067,TÓPICOS EM BIOINFORMÁTICA,6.0,10.0,7.0,,,,7.7,8,AM
40,DC/CCN047,ESTÁGIO SUPERVISIONADO,9.5,9.5,9.5,9.5,9.5,,9.5,0,AM
40,DC/CCN067,TÓPICOS EM BIOINFORMÁTICA,8.3,7.0,0.0,,,5.0,5.4,14,AM
40,DC/CCN046,TRABALHO DE CONCLUSÃO DE CURSO I - TCC I,10.0,10.0,10.0,,,,10.0,0,AM
40,DC/CCN041,INTELIGÊNCIA ARTIFICIAL,6.1,5.5,9.3,,,,7.0,12,AM
40,DC/CCN037,PROCESSAMENTO DIGITAL DE IMAGENS,8.0,8.2,5.8,,,,7.3,8,AM
40,DC/CCN034,PROGRAMAÇÃO LINEAR,6.0,7.0,10.0,,,,7.7,0,AM
40,DEFE/CCE007,"RELAÇÕES ÉTNICO-RACIAIS, GÊNERO E DIVERSIDADE",9.0,9.0,9.0,,,,9.0,0,AM
40,DC/CCN045,BANCOS DE DADOS RELACIONAIS,10.0,10.0,8.0,,,,9.3,2,AM
40,DC/CCN042,COMPILADORES,8.0,6.5,7.3,,,,7.3,6,AM
40,DC/CCN032,COMPUTAÇÃO GRÁFICA,8.5,7.7,9.9,,,,8.7,4,AM
40,DC/CCN044,ENGENHARIA DE SOFTWARE II,9.6,7.0,7.8,,,,8.1,6,AM
40,DC/CCN043,LINGUAGENS DE PROGRAMAÇÃO,7.5,4.8,7.5,,,5.0,6.3,8,AM
40,DC/CCN043,LINGUAGENS DE PROGRAMAÇÃO,8.0,8.0,8.0,,,,8.0,8,AM
40,DC/CCN040,SEGURANÇA EM SISTEMAS,6.8,4.7,7.9,,,5.0,6.2,4,AM
40,DC/CCN038,SISTEMAS DISTRIBUÍDOS,5.3,5.2,8.0,,,5.0,6.1,4,AM
40,DMAT/CCN034,ÁLGEBRA LINEAR,8.2,9.6,7.0,,,,8.3,0,AM
40,DC/CCN039,ENGENHARIA DE SOFTWARE I,6.0,6.0,10.0,,,,7.3,8,AM
40,CGBEST/CCN013,PROBABILIDADE E ESTATÍSTICA,10.0,9.9,9.4,,,,9.8,0,AM
40,DC/CCN036,PROJETO E ANÁLISE DE ALGORITMOS,6.0,9.2,8.3,,,,7.8,12,AM
40,DC/CCN035,REDES DE COMPUTADORES,9.0,6.7,8.7,,,,8.1,4,AM
40,DC/CCN033,SISTEMAS OPERACIONAIS,9.0,7.2,6.1,,,,7.4,14,AM
40,DC/CCN030,TEORIA DA COMPUTAÇÃO,4.9,8.1,8.0,,,,7.0,6,AM
40,DC/CCN031,ARQUITETURA DE COMPUTADORES,7.5,6.0,7.5,,,,7.0,0,AM
40,DC/CCN025,BANCO DE DADOS,10.0,9.5,10.0,,,,9.8,0,AM
40,DMAT/CCN033,CÁLCULO DIFERENCIAL E INTEGRAL II,9.4,5.0,10.0,,,,8.1,0,AM
40,DC/CCN027,INTERFACE HUMANO COMPUTADOR,7.4,7.7,9.0,,,,8.0,12,AM
40,CGBEST/CCN013,PROBABILIDADE E ESTATÍSTICA,6.4,4.4,6.6,,,5.0,5.7,14,AM
40,DC/CCN028,TEORIA E APLICAÇÕES EM GRAFOS,10.0,6.0,9.0,,,,8.3,0,AM
40,DMAT/CCN032,CÁLCULO DIFERENCIAL E INTEGRAL I,9.8,9.1,6.4,,,,8.4,0,AM
40,DC/CCN029,CIRCUITOS DIGITAIS,9.5,3.0,10.0,,,,7.5,0,AM
40,DC/CCN022,ESTRUTURAS DE DADOS,8.0,9.1,7.0,,,,8.0,13,AM
40,DC/CCN024,LABORATÓRIO DE PROGRAMAÇÃO,10.0,9.3,8.3,,,,9.2,8,AM
40,DMAT/CCN035,MATEMÁTICA DISCRETA,7.0,7.0,7.0,,,,7.0,0,AM
40,DC/CCN023,PROGRAMAÇÃO ORIENTADA A OBJETOS,9.0,8.5,10.0,,,,9.2,0,AM
40,DMAT/CCN032,CÁLCULO DIFERENCIAL E INTEGRAL I,7.0,3.0,9.0,,,5.0,7.0,0,AM
40,DC/CCN021,INFORMÁTICA E SOCIEDADE,8.5,6.0,8.0,,,,7.5,2,AM
40,CLE/CCHL002,INGLÊS TÉCNICO E CIENTÍFICO,7.0,8.0,8.1,,,,7.7,0,AM
40,DC/CCN019,INTRODUÇÃO À LÓGICA,6.0,9.0,5.9,,,,7.0,11,AM
40,DFIL/CCHL009,INTRODUÇÃO À METODOLOGIA CIENTÍFICA,9.0,9.0,7.0,,,,8.3,8,AM
40,DC/CCN026,PROGRAMAÇÃO ESTRUTURADA,5.3,3.0,7.2,,,5.0,6.3,10,AM
